country_id,island_id,prefecture_id,commune_id,town_village_id,town_village_name,latitude,longitude
KM,KM3,KM32,KM321,KM321_0001,FOMBONI,,
KM,KM3,KM32,KM322,KM322_0001,MBOIGOMA,,
KM,KM3,KM32,KM322,KM322_0002,BANDAR SALAMA,,
KM,KM3,KM32,KM322,KM322_0003,DJOIEZI,,
KM,KM3,KM32,KM323,KM323_0001,M'BATSE,,
KM,KM3,KM32,KM323,KM323_0002,HOANI,,
KM,KM3,KM32,KM323,KM323_0003,DOMONI,,
KM,KM3,KM32,KM323,KM323_0004,DOMONI,,
KM,KM3,KM33,KM332,KM332_0001,HAMBA,,
KM,KM3,KM33,KM332,KM332_0002,BARAKANI,,
KM,KM3,KM33,KM332,KM332_0003,BARAKANI,-12.13923932658967,44.43117532297685
KM,KM3,KM33,KM332,KM332_0004,MIRINGONI,-12.30256921447786,43.63626759592464
KM,KM3,KM33,KM332,KM332_0005,WALLAH 1,-12.32646849061358,43.66326418524118
KM,KM3,KM33,KM332,KM332_0006,WALLAH 2,-12.34693056281361,43.66949725223106
KM,KM3,KM33,KM331,KM331_0001,MIREMANI,,
KM,KM3,KM33,KM331,KM331_0002,NDRONDRONI,,
KM,KM3,KM33,KM331,KM331_0003,NIOUMACHOUA,-12.36716328241932,43.71666438381743
KM,KM3,KM33,KM331,KM331_0004,NDREMEANI,,
KM,KM3,KM31,KM311,KM311_0001,ZIROUDANI,,
KM,KM3,KM31,KM311,KM311_0002,WANANI,-12.345524,43.8004382
KM,KM3,KM31,KM311,KM311_0003,MLANBANDA,,
KM,KM3,KM31,KM311,KM311_0004,KANGANI,-12.3201731,44.4731801
KM,KM3,KM31,KM311,KM311_0005,KANGANI,-12.3491749,43.8222246
KM,KM3,KM31,KM311,KM311_0006,HAGNAMOIDA,,
KM,KM3,KM31,KM311,KM311_0007,ITSAMIA,-12.3699484,43.8678999
KM,KM3,KM31,KM311,KM311_0008,HAMAVOUNA,-12.3782942,43.8390083
KM,KM1,KM13,KM134,KM134_0001,MUTSAMUDU,,
KM,KM1,KM13,KM134,KM134_0002,PAJE,-12.17696514995421,44.38639104497371
KM,KM1,KM13,KM134,KM134_0003,MWAMWA I,,
KM,KM1,KM13,KM134,KM134_0004,MWAMWA II,,
KM,KM1,KM13,KM134,KM134_0005,CHICONI1,,
KM,KM1,KM13,KM133,KM133_0001,MIRONTSI,,
KM,KM1,KM13,KM131,KM131_0001,MDJIMANDRA,,
KM,KM1,KM13,KM131,KM131_0002,ANKIBANI,-12.1961321,44.3474195
KM,KM1,KM13,KM131,KM131_0003,CHIRONKAMBA,-12.19439924271254,44.35161175298673
KM,KM1,KM13,KM131,KM131_0004,MAWENI,,
KM,KM1,KM13,KM131,KM131_0005,MAWENI,,
KM,KM1,KM13,KM131,KM131_0006,CHICONI 2,,
KM,KM1,KM13,KM131,KM131_0007,MPOUZINI,,
KM,KM1,KM13,KM131,KM131_0008,BANDRADJOU,-12.15953586452051,44.41248741807966
KM,KM1,KM13,KM132,KM132_0001,BANDRANI MTSANGANI,,
KM,KM1,KM13,KM132,KM132_0002,CHITROUNI,,
KM,KM1,KM13,KM132,KM132_0003,SAANDANI,-12.1914952,44.333831
KM,KM1,KM13,KM132,KM132_0004,MDJAMAOUE,,
KM,KM1,KM14,KM143,KM143_0001,OUANI,,
KM,KM1,KM14,KM143,KM143_0002,BARAKANI,,
KM,KM1,KM14,KM143,KM143_0003,BARAKANI,-12.13923932658967,44.43117532297685
KM,KM1,KM14,KM143,KM143_0004,GNATRANGA,-12.13867825534638,44.43667950355891
KM,KM1,KM14,KM143,KM143_0005,TANAMBAO,-12.14566237444104,44.4256944167479
KM,KM1,KM14,KM142,KM142_0001,BAZIMINI,,
KM,KM1,KM14,KM142,KM142_0002,KOKI,-12.1599178,44.4357152
KM,KM1,KM14,KM142,KM142_0003,PATSY,-12.1735498,44.4440888
KM,KM1,KM14,KM141,KM141_0001,TSEMBEHOU,,
KM,KM1,KM14,KM141,KM141_0002,DINDRI,-12.2145867,44.4527539
KM,KM1,KM14,KM141,KM141_0003,CHANDRA,-12.1998655,44.4641536
KM,KM1,KM11,KM112,KM112_0001,DOMONI,,
KM,KM1,KM11,KM112,KM112_0002,DOMONI,,
KM,KM1,KM11,KM112,KM112_0003,LIMBI,-12.2444788,44.5058899
KM,KM1,KM11,KM112,KM112_0004,BWELADUGU,,
KM,KM1,KM11,KM115,KM115_0001,NGADZALE,,
KM,KM1,KM11,KM115,KM115_0002,OUTSA,-12.28260579088212,44.49719585704322
KM,KM1,KM11,KM115,KM115_0003,SALAMANI,-12.27236795835944,44.49768894162543
KM,KM1,KM11,KM115,KM115_0004,SALAMANI,-12.23801036263309,44.36090677963118
KM,KM1,KM11,KM115,KM115_0005,OUZINI,-12.27104021977427,44.47831138898339
KM,KM1,KM11,KM114,KM114_0001,KONI DJODJO,,
KM,KM1,KM11,KM114,KM114_0002,KONI NGANI,-12.21994053589582,44.47944804339731
KM,KM1,KM11,KM114,KM114_0003,HACHIPENDA,-12.22434930494048,44.51024071576731
KM,KM1,KM11,KM114,KM114_0004,GEGE,-12.22780501790426,44.52157308476593
KM,KM1,KM11,KM111,KM111_0001,BAMBAO MTSANGA,,
KM,KM1,KM11,KM111,KM111_0002,MROMAJI,,
KM,KM1,KM11,KM111,KM111_0003,ONGONI,-12.1738084,44.5064275
KM,KM1,KM11,KM111,KM111_0004,MAHALE,,
KM,KM1,KM11,KM113,KM113_0001,HAREMBO I,,
KM,KM1,KM11,KM113,KM113_0002,HAREMBO II,-12.1504381399188,44.49808626360019
KM,KM1,KM11,KM113,KM113_0003,HAJOHO,-12.12283410219443,44.4881206425127
KM,KM1,KM11,KM113,KM113_0004,JIMLIME,-12.097363785809,44.46308782440992
KM,KM1,KM12,KM121,KM121_0001,ADDA DAWENI,,
KM,KM1,KM12,KM121,KM121_0002,DJANZA,-12.2974902,44.4935533
KM,KM1,KM12,KM121,KM121_0003,MAGNASSINI,-12.2982131,44.5068711
KM,KM1,KM12,KM121,KM121_0004,KANGANI,-12.3201731,44.4731801
KM,KM1,KM12,KM121,KM121_0005,KANGANI,-12.3491749,43.8222246
KM,KM1,KM12,KM124,KM124_0001,MREMANI,,
KM,KM1,KM12,KM124,KM124_0002,BANDA KOUNI,,
KM,KM1,KM12,KM124,KM124_0003,MRIDJOU,-12.33363960096466,44.49454302970143
KM,KM1,KM12,KM124,KM124_0004,DAJI,-12.33024366437102,44.48986525739884
KM,KM1,KM12,KM125,KM125_0001,ONGODJOU,,
KM,KM1,KM12,KM125,KM125_0002,KIYO,-12.33551667432872,44.51946045913034
KM,KM1,KM12,KM125,KM125_0003,KOMONI,-12.32541872238746,44.52132424547821
KM,KM1,KM12,KM125,KM125_0004,MIRONDRONI,-12.32415361558692,44.52291883827477
KM,KM1,KM12,KM125,KM125_0005,TRINDRINI,,
KM,KM1,KM12,KM122,KM122_0001,SHAWENI,,
KM,KM1,KM12,KM122,KM122_0002,HAMCHACO,-12.3743914,44.5119509
KM,KM1,KM12,KM122,KM122_0003,SADAPOINI,-12.3728211,44.507547
KM,KM1,KM12,KM122,KM122_0004,NOUNGA,-12.3479406,44.4995483
KM,KM1,KM12,KM122,KM122_0005,MNADZICHOUMWE,-12.345461,44.5006686
KM,KM1,KM12,KM123,KM123_0001,MRAMANI,,
KM,KM1,KM12,KM123,KM123_0002,HANTSAHII,,
KM,KM1,KM12,KM123,KM123_0003,NYAMBOIMRO,,
KM,KM1,KM12,KM123,KM123_0004,DZIANII,,
KM,KM1,KM15,KM152,KM152_0001,SIMA,-11.64868566292302,43.29372854205498
KM,KM1,KM15,KM152,KM152_0002,KAVANI,-12.19737106455074,44.26798192046536
KM,KM1,KM15,KM152,KM152_0003,BIMBINI,-12.19222521573667,44.23457735211406
KM,KM1,KM15,KM152,KM152_0004,BOUNGOUENI,-12.20977758513438,44.29824659354706
KM,KM1,KM15,KM152,KM152_0005,MIRONGANI,-12.19484291331598,44.25117437959371
KM,KM1,KM15,KM152,KM152_0006,MILEMBENI,,
KM,KM1,KM15,KM152,KM152_0007,MILEMBENI,-12.20224155888374,44.26310520358714
KM,KM1,KM15,KM153,KM153_0001,MROMOUHOULI,,
KM,KM1,KM15,KM153,KM153_0002,MARAHARE,-12.23414262482221,44.31361430815982
KM,KM1,KM15,KM153,KM153_0003,HASSIMPAO,,
KM,KM1,KM15,KM153,KM153_0004,SHITSANGASHELI,-12.23925412603609,44.3218497826623
KM,KM1,KM15,KM153,KM153_0005,VASSI,-12.23564566734995,44.34217090174886
KM,KM1,KM15,KM153,KM153_0006,IMERE,-12.24288395644702,44.36581120962344
KM,KM1,KM15,KM153,KM153_0007,DZINDRI I,-12.23571408750851,44.35084182172238
KM,KM1,KM15,KM153,KM153_0008,VOUANI,-12.24833258243775,44.37391282226227
KM,KM1,KM15,KM153,KM153_0009,DAR SALAMA,-12.25431732384045,44.38642862512951
KM,KM1,KM15,KM153,KM153_0010,BANDRANI YA VOUANI,-12.2489985288183,44.38458265617411
KM,KM1,KM15,KM153,KM153_0011,CHIROVE,-12.26963641612595,44.39704249440441
KM,KM1,KM15,KM153,KM153_0012,MARONTRONI,-12.24515911108584,44.36431197991197
KM,KM1,KM15,KM153,KM153_0013,SALAMANI,-12.27236795835944,44.49768894162543
KM,KM1,KM15,KM153,KM153_0014,SALAMANI,-12.23801036263309,44.36090677963118
KM,KM1,KM15,KM153,KM153_0015,IMERE YA GAWANI,,
KM,KM1,KM16,KM151,KM151_0001,MOYA,,
KM,KM1,KM16,KM151,KM151_0002,KOWET,-12.28652309319805,44.41849145786295
KM,KM1,KM16,KM151,KM151_0003,POMONI,-12.28326406155833,44.40792742473214
KM,KM1,KM16,KM151,KM151_0004,NINDRI,-12.28239214971529,44.41381247904238
KM,KM1,KM16,KM151,KM151_0005,LINGONI,-12.26574600460814,44.41077068945007
KM,KM1,KM16,KM151,KM151_0006,MAWENI,,
KM,KM1,KM16,KM151,KM151_0007,MAWENI,,
KM,KM2,KM27,KM274,KM274_0001,MORONI,,
KM,KM2,KM27,KM273,KM273_0001,MKAZI,,
KM,KM2,KM27,KM273,KM273_0002,M'VOUNI,-11.7199316,43.274666
KM,KM2,KM27,KM273,KM273_0003,MAVINGOUNI,-11.7184486,43.2621745
KM,KM2,KM27,KM271,KM271_0001,VOUVOUNI,,
KM,KM2,KM27,KM271,KM271_0002,M'DE,-11.7386809,43.2510342
KM,KM2,KM27,KM271,KM271_0003,SELEA,-11.7855211,43.2708659
KM,KM2,KM27,KM271,KM271_0004,NIOUMADZAHA,,
KM,KM2,KM27,KM271,KM271_0005,MOIDZAZA DJOUMBE,,
KM,KM2,KM27,KM271,KM271_0006,MBOUDADJOU,-11.7757808,43.2747549
KM,KM2,KM27,KM271,KM271_0007,DAOUENI,,
KM,KM2,KM27,KM271,KM271_0008,DZAHANI,-11.7741939,43.2772945
KM,KM2,KM27,KM271,KM271_0009,DZAHANI,-11.58540886618898,43.37209834234951
KM,KM2,KM27,KM271,KM271_0010,BOENI YA BAMBAO,,
KM,KM2,KM27,KM272,KM272_0001,ICONI,,
KM,KM2,KM27,KM272,KM272_0002,MBACHILE,,
KM,KM2,KM27,KM272,KM272_0003,MOIDZAZA - MBOINI,-11.7747038,43.2462882
KM,KM2,KM27,KM272,KM272_0004,NDROUANI,-11.7671406,43.2523717
KM,KM2,KM27,KM272,KM272_0005,SEREHINI,-11.7589678,43.2436335
KM,KM2,KM22,KM222,KM222_0001,MITSOUDJE,,
KM,KM2,KM22,KM222,KM222_0002,TROUMBENI,,
KM,KM2,KM22,KM222,KM222_0003,CHOUANI,-11.82436430093914,43.29393159374053
KM,KM2,KM22,KM222,KM222_0004,DJOUMOICHONGO,-11.80992950054916,43.29408587633537
KM,KM2,KM22,KM222,KM222_0005,BANGOI,-11.84136164374853,43.29224927484667
KM,KM2,KM22,KM222,KM222_0006,NKOMIONI,,
KM,KM2,KM22,KM222,KM222_0007,SALIMANI,-11.81016976394841,43.2699267089811
KM,KM2,KM22,KM221,KM221_0001,SINGANI,,
KM,KM2,KM22,KM221,KM221_0002,MDJOIEZI,-11.8362673,43.3131564
KM,KM2,KM22,KM221,KM221_0003,HETSA,-11.84836602898079,43.32517067426873
KM,KM2,KM22,KM221,KM221_0004,BAMBANI,-11.8528743007735,43.34243910024343
KM,KM2,KM22,KM221,KM221_0005,DZAHADJOU,-11.8528894,43.3495099
KM,KM2,KM25,KM251,KM251_0001,DEMBENI,,
KM,KM2,KM25,KM251,KM251_0002,MDJAMKAGNOI,-11.88207276688416,43.41318363999644
KM,KM2,KM25,KM251,KM251_0003,MBOUDE YA MBOINI,-11.8668334,43.3958017
KM,KM2,KM25,KM251,KM251_0004,MLIMANI,-11.88927876471597,43.40834860216378
KM,KM2,KM25,KM251,KM251_0005,PANDA,-11.8746048,43.3932323
KM,KM2,KM25,KM251,KM251_0006,MINDRADOU,-11.88443241298675,43.39970470711752
KM,KM2,KM25,KM251,KM251_0007,MANDZISSANI,-11.88702290869847,43.40526156175965
KM,KM2,KM25,KM251,KM251_0008,TSINI MOICHONGO,-11.85904292197132,43.39162049828406
KM,KM2,KM25,KM251,KM251_0009,KANDZILE,-11.85904292197132,43.39162049828406
KM,KM2,KM25,KM251,KM251_0010,MAKORANI,-11.85439443206664,43.3672619256839
KM,KM2,KM25,KM251,KM251_0011,ITSOUDZOU,-11.85964832372679,43.37718929432071
KM,KM2,KM25,KM252,KM252_0001,OUZIOINI,,
KM,KM2,KM25,KM252,KM252_0002,IFOUNDIHE CHADJOU,,
KM,KM2,KM25,KM252,KM252_0003,IFOUNDIHE CHAMBOINI,-11.902989,43.4207031
KM,KM2,KM25,KM252,KM252_0004,DIMA,-11.88940362427,43.41929739477314
KM,KM2,KM25,KM252,KM252_0005,NKOURANI YA SIMA,-11.85119757695296,43.42598861986222
KM,KM2,KM25,KM252,KM252_0006,DOMONI,,
KM,KM2,KM25,KM252,KM252_0007,DOMONI,,
KM,KM2,KM25,KM252,KM252_0008,DZOIDJOU,-11.8808683,43.4321459
KM,KM2,KM25,KM252,KM252_0009,FAMARE,-11.86293770637044,43.43206892132195
KM,KM2,KM24,KM242,KM242_0001,FOUMBOUNI,,
KM,KM2,KM24,KM242,KM242_0002,KOIMBANI LA MBADJINI,-11.8601053,43.4853514
KM,KM2,KM24,KM242,KM242_0003,MALE,-11.8865711,43.5062231
KM,KM2,KM24,KM242,KM242_0004,MIDJENDJENI,-11.91274450244943,43.48569929047818
KM,KM2,KM24,KM242,KM242_0005,OUROVENI,-11.91492181212855,43.49706332513574
KM,KM2,KM24,KM242,KM242_0006,NDZOUANI,-11.89838779171314,43.47773216012062
KM,KM2,KM24,KM242,KM242_0007,CHINDINI,-11.9247875,43.490771
KM,KM2,KM24,KM242,KM242_0008,SIMAMBOINI,-11.9190778,43.4701705
KM,KM2,KM24,KM242,KM242_0009,DZAHADJOU LA MBADJINI,-11.911239,43.4540567
KM,KM2,KM24,KM242,KM242_0010,MOHORO,-11.8278645,43.4548201
KM,KM2,KM24,KM242,KM242_0011,NGNOUMADZHA MVOUBARI,-11.8414672716532,43.46256496273752
KM,KM2,KM24,KM241,KM241_0001,BANDAMADJI LADOMBA,,
KM,KM2,KM24,KM241,KM241_0002,BANDADAOUENI,-11.77602036332376,43.44796020622245
KM,KM2,KM24,KM241,KM241_0003,TSINIMOIPANGA,-11.7959112,43.4349054
KM,KM2,KM24,KM241,KM241_0004,OUNGONI,-11.7580867,43.447056
KM,KM2,KM24,KM241,KM241_0005,PIDJANI,-11.7632851,43.4515954
KM,KM2,KM24,KM241,KM241_0006,PIDJANI,-11.40882116931708,43.31436164531659
KM,KM2,KM24,KM243,KM243_0001,SIMBOUSSA YA MBADJINI,,
KM,KM2,KM24,KM243,KM243_0002,INANI,-11.89097182883893,43.47575129534538
KM,KM2,KM24,KM243,KM243_0003,NGNAMBENI,,
KM,KM2,KM24,KM243,KM243_0004,BANDAMADJI LA KOUBOINI,-11.89605097374183,43.47079516787012
KM,KM2,KM24,KM243,KM243_0005,DARISSALAMA,-11.87151072120418,43.47290923313334
KM,KM2,KM24,KM243,KM243_0006,MLALOI NKOUDJOU,-11.86990225883718,43.46754665576712
KM,KM2,KM24,KM243,KM243_0007,NGNOUMA MILIMA,-11.85504067822945,43.44673864976962
KM,KM2,KM24,KM243,KM243_0008,NKOURANI MKANGA,-11.89023668146737,43.45386892429856
KM,KM2,KM24,KM243,KM243_0009,DIDJONI,-11.88428639896506,43.49101856641398
KM,KM2,KM24,KM243,KM243_0010,KOVE,-11.88078433190155,43.47862369287871
KM,KM2,KM28,KM282,KM282_0001,KOIMBANI YA WACHILI,,
KM,KM2,KM28,KM282,KM282_0002,IROHE,,
KM,KM2,KM28,KM282,KM282_0003,BOENI YAWACHILI,-11.63611416204234,43.36225466462894
KM,KM2,KM28,KM282,KM282_0004,DZAHADJOU YA WACHILI,-11.64921932362798,43.36936987046456
KM,KM2,KM28,KM282,KM282_0005,SADA,-11.63357632324934,43.36834160220866
KM,KM2,KM28,KM282,KM282_0006,SADANI,,
KM,KM2,KM28,KM282,KM282_0007,CHOMONI,-11.6459983857482,43.39451595956442
KM,KM2,KM28,KM282,KM282_0008,SAMBA MADI,-11.66847338006906,43.4070794352522
KM,KM2,KM28,KM282,KM282_0009,CHAMRO,-11.66072461199041,43.40211020049717
KM,KM2,KM28,KM282,KM282_0010,SIMA YA WACHILI,-11.61380764667526,43.38123777418069
KM,KM2,KM28,KM283,KM283_0001,ITSINKOUDI,,
KM,KM2,KM28,KM283,KM283_0002,DZAHANI,-11.7741939,43.2772945
KM,KM2,KM28,KM283,KM283_0003,DZAHANI,-11.58540886618898,43.37209834234951
KM,KM2,KM28,KM283,KM283_0004,KOUHANI,-11.57131205875416,43.39671832622406
KM,KM2,KM28,KM283,KM283_0005,MTSAMDU,-11.61046307805619,43.3891904648457
KM,KM2,KM28,KM283,KM283_0006,HAMBOU,-11.60352566305956,43.37073160998064
KM,KM2,KM28,KM283,KM283_0007,HASSENDJE,-11.62207595151043,43.39170038642972
KM,KM2,KM28,KM281,KM281_0001,MTSANGADJOU,,
KM,KM2,KM28,KM281,KM281_0002,FOUMBOU DZIVOUNI,-11.70926187312358,43.43320505271263
KM,KM2,KM28,KM281,KM281_0003,MBOUDE,-11.69737505682969,43.42825349265819
KM,KM2,KM28,KM281,KM281_0004,MIDJINDZE,,
KM,KM2,KM28,KM281,KM281_0005,MADJOMA,,
KM,KM2,KM28,KM281,KM281_0006,IDJOINDRADJA,-11.72714747108566,43.43661999605403
KM,KM2,KM28,KM281,KM281_0007,IDJINKOUNDZI,-11.71386165097744,43.42260200593538
KM,KM2,KM28,KM281,KM281_0008,MAOUENI DIMANI,-11.70111317997415,43.42145472882397
KM,KM2,KM28,KM281,KM281_0009,MIRERENI,-11.6934069464393,43.4089948670761
KM,KM2,KM28,KM281,KM281_0010,NTSORALE,-11.69062441838844,43.41562034271662
KM,KM2,KM28,KM281,KM281_0011,SIDJOU,-11.67388143558751,43.41380452121376
KM,KM2,KM28,KM281,KM281_0012,REHEMANI,-11.69115791141486,43.40860778127338
KM,KM2,KM21,KM213,KM213_0001,MBENI,,
KM,KM2,KM21,KM213,KM213_0002,SELEANI,-11.50333713023055,43.39888427710706
KM,KM2,KM21,KM213,KM213_0003,SALIMANI YA HAMAHAMET,-11.51218112137282,43.38605823031016
KM,KM2,KM21,KM213,KM213_0004,SADA CHIHOUWE,,
KM,KM2,KM21,KM213,KM213_0005,SADA MHUWAMBOI,,
KM,KM2,KM21,KM213,KM213_0006,BOUNI,-11.48978536633614,43.39771731137217
KM,KM2,KM21,KM213,KM213_0007,HEROUMBILI,-11.54578565320765,43.38802003936819
KM,KM2,KM21,KM213,KM213_0008,BATOU,-11.50154408896333,43.36653367861476
KM,KM2,KM21,KM213,KM213_0009,KOURANI YA HAMAHAMET,,
KM,KM2,KM21,KM213,KM213_0010,IFOUNDIHE YA HAMAHAMET,-11.51793362814303,43.38639721658351
KM,KM2,KM21,KM213,KM213_0011,MNOUNGOU,-11.52157343091736,43.38391907835827
KM,KM2,KM21,KM212,KM212_0001,DIMADJOU YA HAMAHAMET,,
KM,KM2,KM21,KM212,KM212_0002,NYADOMBWENI,-11.47096842654614,43.38617949347045
KM,KM2,KM21,KM212,KM212_0003,MDJIHARI,-11.48747353957027,43.38290596455405
KM,KM2,KM21,KM212,KM212_0004,MOIDJA,-11.46614794319647,43.38795094160994
KM,KM2,KM21,KM212,KM212_0005,BAMBADJANI,,
KM,KM2,KM21,KM212,KM212_0006,NGOLE,-11.46858507749499,43.39742972274392
KM,KM2,KM21,KM212,KM212_0007,ITSANDZENI,-11.47572933779153,43.39366352198243
KM,KM2,KM21,KM212,KM212_0008,OUELLAH YA HAMAHAMET,-11.47665238153512,43.402823870097
KM,KM2,KM21,KM212,KM212_0009,HADJAMBOU,-11.45968069783523,43.40196631052698
KM,KM2,KM21,KM212,KM212_0010,MBATSE YA HAMAHAMET,-11.45757424275266,43.39260593574674
KM,KM2,KM21,KM211,KM211_0001,MADJEOUENI,,
KM,KM2,KM21,KM211,KM211_0002,SADANI YA MBOIKOU,,
KM,KM2,KM21,KM211,KM211_0003,TRELEZINI,-11.41391903952383,43.38832781092164
KM,KM2,KM21,KM211,KM211_0004,CHEZANI,-11.43192125204272,43.3964501979752
KM,KM2,KM21,KM211,KM211_0005,NDROUDE,-11.4213265914408,43.4097445124289
KM,KM2,KM21,KM211,KM211_0006,NIOUMAMILIMA,-11.44229465950162,43.40421059441231
KM,KM2,KM21,KM211,KM211_0007,HANTSINDZI,-11.43183300103182,43.41116716696693
KM,KM2,KM21,KM211,KM211_0008,BANDAMADJI LA MBOIKOU,-11.48267112010393,43.38699558799189
KM,KM2,KM26,KM261,KM261_0001,BANGOIKOUNI,,
KM,KM2,KM26,KM261,KM261_0002,BATSA YA MITSAMIHOULI,-11.39790862267088,43.37227064485151
KM,KM2,KM26,KM261,KM261_0003,OUZIO,-11.4044228,43.3758577
KM,KM2,KM26,KM261,KM261_0004,IVOINI,-11.3902679,43.3934696
KM,KM2,KM26,KM262,KM262_0001,OUEMANI,,
KM,KM2,KM26,KM262,KM262_0002,KOUA,-11.40565087084636,43.34757801821325
KM,KM2,KM26,KM262,KM262_0003,KOUA,-11.4056579075206,43.3465683557111
KM,KM2,KM26,KM262,KM262_0004,OUELLAH YA MITSAMIHOULI,-11.39400456608175,43.34042184423426
KM,KM2,KM26,KM263,KM263_0001,MEMBOI - BOINI,,
KM,KM2,KM26,KM263,KM263_0002,HADAWA,,
KM,KM2,KM26,KM263,KM263_0003,FASSI,-11.40703462669001,43.27698198782684
KM,KM2,KM26,KM263,KM263_0004,MITSAMIHOULI,-11.3888547,43.2930126
KM,KM2,KM26,KM263,KM263_0005,NKOURANI YA MITSAMIHOULI,,
KM,KM2,KM26,KM263,KM263_0006,NDZAOUZE,-11.40747624763063,43.27845488795408
KM,KM2,KM26,KM264,KM264_0001,BANGOI MAFUSA NKOA,,
KM,KM2,KM26,KM264,KM264_0002,MEMBOI - DJOU,-11.40352975754021,43.3237181990453
KM,KM2,KM26,KM264,KM264_0003,PIDJANI,-11.7632851,43.4515954
KM,KM2,KM26,KM264,KM264_0004,PIDJANI,-11.40882116931708,43.31436164531659
KM,KM2,KM26,KM264,KM264_0005,SONGOMANI,-11.40124567416017,43.30290961583977
KM,KM2,KM26,KM264,KM264_0006,TOIYFA,-11.41161658570176,43.30920045904328
KM,KM2,KM26,KM264,KM264_0007,NTSADJENI,,
KM,KM2,KM26,KM264,KM264_0008,FOUNGA,-11.41553451680188,43.29725419266135
KM,KM2,KM26,KM264,KM264_0009,OUHOZI,-11.4020466,43.2941378
KM,KM2,KM26,KM265,KM265_0001,DJOMANI,,
KM,KM2,KM26,KM265,KM265_0002,CHAMLE,-11.44765,43.276791
KM,KM2,KM26,KM265,KM265_0003,VOUVOUNI YA MBOUNDE,,
KM,KM2,KM26,KM265,KM265_0004,MANDZA YA MBOUDE,-11.4212636,43.3050624
KM,KM2,KM26,KM265,KM265_0005,MDJOIEZI YA MBOUNDE,-11.44618350414512,43.30107155083703
KM,KM2,KM26,KM265,KM265_0006,HELINDJE,-11.44038065465517,43.31357850289858
KM,KM2,KM26,KM265,KM265_0007,DOUNIANI,-11.4242569,43.2983679
KM,KM2,KM26,KM265,KM265_0008,KOUA,-11.40565087084636,43.34757801821325
KM,KM2,KM26,KM265,KM265_0009,KOUA,-11.4056579075206,43.3465683557111
KM,KM2,KM26,KM266,KM266_0001,NTSAOUENI,,
KM,KM2,KM26,KM266,KM266_0002,IVEMBENI,-11.4796887,43.3259914
KM,KM2,KM26,KM266,KM266_0003,DJONGOE,-11.4675610308968,43.28925237217496
KM,KM2,KM26,KM266,KM266_0004,MAOUENI YA MBOUDE,-11.4669826,43.3249831
KM,KM2,KM26,KM266,KM266_0005,SIMBOUSSA YA MBOUDE,-11.46917108118241,43.28756356959325
KM,KM2,KM26,KM266,KM266_0006,NTSORALE YA MBOUDE,-11.47548241525642,43.3041366458319
KM,KM2,KM26,KM266,KM266_0007,DOMOIDJOU,-11.48742364099441,43.2872544042758
KM,KM2,KM26,KM266,KM266_0008,DOMOIMBOINI,-11.4909321719639,43.27828621324601
KM,KM2,KM26,KM266,KM266_0009,MOIDJA YA MBOUDE,-11.47145133531327,43.29856070811648
KM,KM2,KM23,KM233,KM233_0001,HAHAYA,,
KM,KM2,KM23,KM233,KM233_0002,BOENINDI,-11.5664502,43.2867013
KM,KM2,KM23,KM233,KM233_0003,MBAMBANI YA HAMANVOU,-11.55689073602729,43.32100650691998
KM,KM2,KM23,KM233,KM233_0004,MBALENI,,
KM,KM2,KM23,KM233,KM233_0005,OUSSIVO,-11.588576,43.2766194
KM,KM2,KM23,KM233,KM233_0006,MBANGANI,,
KM,KM2,KM23,KM233,KM233_0007,DIBOINI,-11.5600257,43.3220221
KM,KM2,KM23,KM233,KM233_0008,BIBAVOU,-11.5772493,43.2872999
KM,KM2,KM23,KM233,KM233_0009,MILEVANI,-11.55527994994988,43.29868634664427
KM,KM2,KM23,KM235,KM235_0001,BATSA ITSANDRA,,
KM,KM2,KM23,KM235,KM235_0002,VANAMBOINI,-11.61498594113464,43.26285484305488
KM,KM2,KM23,KM235,KM235_0003,VANADJOU,-11.61070176560084,43.28567873864259
KM,KM2,KM23,KM235,KM235_0004,MHANDANI,-11.61408863684719,43.27671840493721
KM,KM2,KM23,KM235,KM235_0005,DZAHADJOU LA ITSANDRA,-11.62985962546771,43.28378175420669
KM,KM2,KM23,KM235,KM235_0006,VOUNA MBADANI,-11.61454045570641,43.27074562248822
KM,KM2,KM23,KM231,KM231_0001,ITSANDRA MDJINI,,
KM,KM2,KM23,KM231,KM231_0002,SALIMANI YA ITSANDRA,-11.68426517737763,43.27472603239897
KM,KM2,KM23,KM231,KM231_0003,SAMBA MBODONI,-11.67513716887363,43.27810438762234
KM,KM2,KM23,KM231,KM231_0004,DZAHANI LA TSIDJE,-11.66092453146139,43.28475371014265
KM,KM2,KM23,KM231,KM231_0005,MAOUENI YA ITSANDRA,-11.67489295143956,43.27764580940319
KM,KM2,KM23,KM231,KM231_0006,MIRONTSI YA ITSANDRA,-11.68235042563022,43.27236948207425
KM,KM2,KM23,KM231,KM231_0007,BANDAMADJI LA ITSANDRA,-11.6712913,43.2674221
KM,KM2,KM23,KM231,KM231_0008,DIMADJOU YA ITSANDRA,-11.67587607348723,43.2840934884806
KM,KM2,KM23,KM232,KM232_0001,DZAHANI II,,
KM,KM2,KM23,KM232,KM232_0002,BAHANI,-11.6428324,43.2945036
KM,KM2,KM23,KM232,KM232_0003,SIMA,-11.64868566292302,43.29372854205498
KM,KM2,KM23,KM232,KM232_0004,OUELLAH YA ITSANDRA,-11.65109434513936,43.28450769410709
KM,KM2,KM23,KM232,KM232_0005,SAMBA KOUNI,-11.6513186,43.2845126
KM,KM2,KM23,KM234,KM234_0001,NTSOUDJINI,,
KM,KM2,KM23,KM234,KM234_0002,HANTSAMBOU,-11.66400689532476,43.26552617034564
KM,KM2,KM23,KM234,KM234_0003,MILEMBENI,,
KM,KM2,KM23,KM234,KM234_0004,MILEMBENI,-12.20224155888374,44.26310520358714
KM,KM2,KM23,KM234,KM234_0005,ZIVANDANI,,
