country_id,island_id,prefecture_id,prefecture_name,commune_id,commune_name,year,population
KM,KM1,KM11,DOMONI,KM111,BAMBAO MSTANGA,2017,13779.0
KM,KM1,KM11,DOMONI,KM111,BAMBAO MSTANGA,2018,14124.965022263621
KM,KM1,KM11,DOMONI,KM111,BAMBAO MSTANGA,2019,14483.851116653059
KM,KM1,KM11,DOMONI,KM111,BAMBAO MSTANGA,2020,14855.784547066643
KM,KM1,KM11,DOMONI,KM111,BAMBAO MSTANGA,2021,15239.923549667905
KM,KM1,KM11,DOMONI,KM111,BAMBAO MSTANGA,2022,15634.584596339884
KM,KM1,KM11,DOMONI,KM111,BAMBAO MSTANGA,2023,16035.600955570322
KM,KM1,KM11,DOMONI,KM111,BAMBAO MSTANGA,2024,16445.24538962889
KM,KM1,KM11,DOMONI,KM111,BAMBAO MSTANGA,2025,16863.686250750055
KM,KM1,KM11,DOMONI,KM111,BAMBAO MSTANGA,2026,17288.903305459873
KM,KM1,KM11,DOMONI,KM111,BAMBAO MSTANGA,2027,17720.6861121887
KM,KM1,KM11,DOMONI,KM111,BAMBAO MSTANGA,2028,18156.130585178988
KM,KM1,KM11,DOMONI,KM112,DOMONI,2017,15622.0
KM,KM1,KM11,DOMONI,KM112,DOMONI,2018,16019.134925344975
KM,KM1,KM11,DOMONI,KM112,DOMONI,2019,16430.811394786644
KM,KM1,KM11,DOMONI,KM112,DOMONI,2020,16857.139786940523
KM,KM1,KM11,DOMONI,KM112,DOMONI,2021,17297.163983992785
KM,KM1,KM11,DOMONI,KM112,DOMONI,2022,17748.95008536064
KM,KM1,KM11,DOMONI,KM112,DOMONI,2023,18207.739851543367
KM,KM1,KM11,DOMONI,KM112,DOMONI,2024,18676.110467647282
KM,KM1,KM11,DOMONI,KM112,DOMONI,2025,19154.22715928902
KM,KM1,KM11,DOMONI,KM112,DOMONI,2026,19639.7822447423
KM,KM1,KM11,DOMONI,KM112,DOMONI,2027,20132.506905240378
KM,KM1,KM11,DOMONI,KM112,DOMONI,2028,20629.077078003284
KM,KM1,KM11,DOMONI,KM113,JIMLIME,2017,11480.0
KM,KM1,KM11,DOMONI,KM113,JIMLIME,2018,11768.241414876724
KM,KM1,KM11,DOMONI,KM113,JIMLIME,2019,12067.24804551688
KM,KM1,KM11,DOMONI,KM113,JIMLIME,2020,12377.125088926994
KM,KM1,KM11,DOMONI,KM113,JIMLIME,2021,12697.171227969195
KM,KM1,KM11,DOMONI,KM113,JIMLIME,2022,13025.983827997812
KM,KM1,KM11,DOMONI,KM113,JIMLIME,2023,13360.091368745721
KM,KM1,KM11,DOMONI,KM113,JIMLIME,2024,13701.387406411177
KM,KM1,KM11,DOMONI,KM113,JIMLIME,2025,14050.012203977836
KM,KM1,KM11,DOMONI,KM113,JIMLIME,2026,14404.282600092845
KM,KM1,KM11,DOMONI,KM113,JIMLIME,2027,14764.023264963078
KM,KM1,KM11,DOMONI,KM113,JIMLIME,2028,15126.814654028214
KM,KM1,KM11,DOMONI,KM114,KONI,2017,18883.0
KM,KM1,KM11,DOMONI,KM114,KONI,2018,19360.3480259704
KM,KM1,KM11,DOMONI,KM114,KONI,2019,19855.332199621083
KM,KM1,KM11,DOMONI,KM114,KONI,2020,20368.103924970084
KM,KM1,KM11,DOMONI,KM114,KONI,2021,20897.508468526852
KM,KM1,KM11,DOMONI,KM114,KONI,2022,21441.222064290276
KM,KM1,KM11,DOMONI,KM114,KONI,2023,21993.511980133597
KM,KM1,KM11,DOMONI,KM114,KONI,2024,22557.4931366773
KM,KM1,KM11,DOMONI,KM114,KONI,2025,23133.379321795474
KM,KM1,KM11,DOMONI,KM114,KONI,2026,23718.390595698766
KM,KM1,KM11,DOMONI,KM114,KONI,2027,24312.218613862016
KM,KM1,KM11,DOMONI,KM114,KONI,2028,24910.862744394304
KM,KM1,KM11,DOMONI,KM115,NGADZALE,2017,10140.0
KM,KM1,KM11,DOMONI,KM115,NGADZALE,2018,10394.59651104965
KM,KM1,KM11,DOMONI,KM115,NGADZALE,2019,10658.701670865956
KM,KM1,KM11,DOMONI,KM115,NGADZALE,2020,10932.408397362346
KM,KM1,KM11,DOMONI,KM115,NGADZALE,2021,11215.097234460596
KM,KM1,KM11,DOMONI,KM115,NGADZALE,2022,11505.52926967751
KM,KM1,KM11,DOMONI,KM115,NGADZALE,2023,11800.638195041953
KM,KM1,KM11,DOMONI,KM115,NGADZALE,2024,12102.09654189977
KM,KM1,KM11,DOMONI,KM115,NGADZALE,2025,12410.028201074501
KM,KM1,KM11,DOMONI,KM115,NGADZALE,2026,12722.946477782356
KM,KM1,KM11,DOMONI,KM115,NGADZALE,2027,13040.696507554498
KM,KM1,KM11,DOMONI,KM115,NGADZALE,2028,13361.141166537118
KM,KM1,KM12,MREMANI,KM121,ADDA,2017,21482.0
KM,KM1,KM12,MREMANI,KM121,ADDA,2018,22021.37300299493
KM,KM1,KM12,MREMANI,KM121,ADDA,2019,22580.89046287401
KM,KM1,KM12,MREMANI,KM121,ADDA,2020,23160.749229993875
KM,KM1,KM12,MREMANI,KM121,ADDA,2021,23759.63696160577
KM,KM1,KM12,MREMANI,KM121,ADDA,2022,24374.92897151995
KM,KM1,KM12,MREMANI,KM121,ADDA,2023,25000.12916231669
KM,KM1,KM12,MREMANI,KM121,ADDA,2024,25638.780859279177
KM,KM1,KM12,MREMANI,KM121,ADDA,2025,26291.146530126472
KM,KM1,KM12,MREMANI,KM121,ADDA,2026,26954.076551846214
KM,KM1,KM12,MREMANI,KM121,ADDA,2027,27627.24283779938
KM,KM1,KM12,MREMANI,KM121,ADDA,2028,28306.117804689384
KM,KM1,KM12,MREMANI,KM122,SHAWENI,2017,7393.0
KM,KM1,KM12,MREMANI,KM122,SHAWENI,2018,7578.624458204149
KM,KM1,KM12,MREMANI,KM122,SHAWENI,2019,7771.181602831559
KM,KM1,KM12,MREMANI,KM122,SHAWENI,2020,7970.7391796548145
KM,KM1,KM12,MREMANI,KM122,SHAWENI,2021,8176.845547767967
KM,KM1,KM12,MREMANI,KM122,SHAWENI,2022,8388.597425120892
KM,KM1,KM12,MREMANI,KM122,SHAWENI,2023,8603.759188949227
KM,KM1,KM12,MREMANI,KM122,SHAWENI,2024,8823.55026965138
KM,KM1,KM12,MREMANI,KM122,SHAWENI,2025,9048.060995122662
KM,KM1,KM12,MREMANI,KM122,SHAWENI,2026,9276.207427045854
KM,KM1,KM12,MREMANI,KM122,SHAWENI,2027,9507.876654866903
KM,KM1,KM12,MREMANI,KM122,SHAWENI,2028,9741.510517180366
KM,KM1,KM12,MREMANI,KM123,MRAMANI,2017,9562.0
KM,KM1,KM12,MREMANI,KM123,MRAMANI,2018,9802.084007757076
KM,KM1,KM12,MREMANI,KM123,MRAMANI,2019,10051.134652546378
KM,KM1,KM12,MREMANI,KM123,MRAMANI,2020,10309.239555776996
KM,KM1,KM12,MREMANI,KM123,MRAMANI,2021,10575.814571588977
KM,KM1,KM12,MREMANI,KM123,MRAMANI,2022,10849.691407954277
KM,KM1,KM12,MREMANI,KM123,MRAMANI,2023,11127.978542504057
KM,KM1,KM12,MREMANI,KM123,MRAMANI,2024,11412.253168998579
KM,KM1,KM12,MREMANI,KM123,MRAMANI,2025,11702.632116240076
KM,KM1,KM12,MREMANI,KM123,MRAMANI,2026,11997.713433979774
KM,KM1,KM12,MREMANI,KM123,MRAMANI,2027,12297.351085329004
KM,KM1,KM12,MREMANI,KM123,MRAMANI,2028,12599.529766708867
KM,KM1,KM12,MREMANI,KM124,MREMANI,2017,15806.0
KM,KM1,KM12,MREMANI,KM124,MREMANI,2018,16202.859216336368
KM,KM1,KM12,MREMANI,KM124,MREMANI,2019,16614.540296815314
KM,KM1,KM12,MREMANI,KM124,MREMANI,2020,17041.18807975436
KM,KM1,KM12,MREMANI,KM124,MREMANI,2021,17481.836971191733
KM,KM1,KM12,MREMANI,KM124,MREMANI,2022,17934.555782694548
KM,KM1,KM12,MREMANI,KM124,MREMANI,2023,18394.56482355356
KM,KM1,KM12,MREMANI,KM124,MREMANI,2024,18864.47119736368
KM,KM1,KM12,MREMANI,KM124,MREMANI,2025,19344.46802230607
KM,KM1,KM12,MREMANI,KM124,MREMANI,2026,19832.23787256686
KM,KM1,KM12,MREMANI,KM124,MREMANI,2027,20327.539348955263
KM,KM1,KM12,MREMANI,KM124,MREMANI,2028,20827.0411517047
KM,KM1,KM12,MREMANI,KM125,ONGOJOU,2017,11206.0
KM,KM1,KM12,MREMANI,KM125,ONGOJOU,2018,11487.361785288203
KM,KM1,KM12,MREMANI,KM125,ONGOJOU,2019,11779.231846521094
KM,KM1,KM12,MREMANI,KM125,ONGOJOU,2020,12081.712869905567
KM,KM1,KM12,MREMANI,KM125,ONGOJOU,2021,12394.120277057735
KM,KM1,KM12,MREMANI,KM125,ONGOJOU,2022,12715.084910848736
KM,KM1,KM12,MREMANI,KM125,ONGOJOU,2023,13041.218107854056
KM,KM1,KM12,MREMANI,KM125,ONGOJOU,2024,13374.36822963795
KM,KM1,KM12,MREMANI,KM125,ONGOJOU,2025,13714.672191443871
KM,KM1,KM12,MREMANI,KM125,ONGOJOU,2026,14060.487004933837
KM,KM1,KM12,MREMANI,KM125,ONGOJOU,2027,14411.641525015355
KM,KM1,KM12,MREMANI,KM125,ONGOJOU,2028,14765.773955839735
KM,KM1,KM13,MUTSAMUDU,KM131,BANDRANI YA CHIRONKAMBA,2017,9733.0
KM,KM1,KM13,MUTSAMUDU,KM131,BANDRANI YA CHIRONKAMBA,2018,9977.377499215607
KM,KM1,KM13,MUTSAMUDU,KM131,BANDRANI YA CHIRONKAMBA,2019,10230.88198841601
KM,KM1,KM13,MUTSAMUDU,KM131,BANDRANI YA CHIRONKAMBA,2020,10493.602655969202
KM,KM1,KM13,MUTSAMUDU,KM131,BANDRANI YA CHIRONKAMBA,2021,10764.944909566566
KM,KM1,KM13,MUTSAMUDU,KM131,BANDRANI YA CHIRONKAMBA,2022,11043.719564277239
KM,KM1,KM13,MUTSAMUDU,KM131,BANDRANI YA CHIRONKAMBA,2023,11326.983387805061
KM,KM1,KM13,MUTSAMUDU,KM131,BANDRANI YA CHIRONKAMBA,2024,11616.341779320557
KM,KM1,KM13,MUTSAMUDU,KM131,BANDRANI YA CHIRONKAMBA,2025,11911.913656909086
KM,KM1,KM13,MUTSAMUDU,KM131,BANDRANI YA CHIRONKAMBA,2026,12212.271998841783
KM,KM1,KM13,MUTSAMUDU,KM131,BANDRANI YA CHIRONKAMBA,2027,12517.26815661025
KM,KM1,KM13,MUTSAMUDU,KM131,BANDRANI YA CHIRONKAMBA,2028,12824.85078638124
KM,KM1,KM13,MUTSAMUDU,KM132,Commune BANDRANI YA MITSANGANI,2017,7203.0
KM,KM1,KM13,MUTSAMUDU,KM132,Commune BANDRANI YA MITSANGANI,2018,7383.853912139116
KM,KM1,KM13,MUTSAMUDU,KM132,Commune BANDRANI YA MITSANGANI,2019,7571.4623407541885
KM,KM1,KM13,MUTSAMUDU,KM132,Commune BANDRANI YA MITSANGANI,2020,7765.891290552364
KM,KM1,KM13,MUTSAMUDU,KM132,Commune BANDRANI YA MITSANGANI,2021,7966.700727792868
KM,KM1,KM13,MUTSAMUDU,KM132,Commune BANDRANI YA MITSANGANI,2022,8173.0105847620425
KM,KM1,KM13,MUTSAMUDU,KM132,Commune BANDRANI YA MITSANGANI,2023,8382.642694170334
KM,KM1,KM13,MUTSAMUDU,KM132,Commune BANDRANI YA MITSANGANI,2024,8596.785147071403
KM,KM1,KM13,MUTSAMUDU,KM132,Commune BANDRANI YA MITSANGANI,2025,8815.525949934876
KM,KM1,KM13,MUTSAMUDU,KM132,Commune BANDRANI YA MITSANGANI,2026,9037.809021643621
KM,KM1,KM13,MUTSAMUDU,KM132,Commune BANDRANI YA MITSANGANI,2027,9263.524353443298
KM,KM1,KM13,MUTSAMUDU,KM132,Commune BANDRANI YA MITSANGANI,2028,9491.153828655508
KM,KM1,KM13,MUTSAMUDU,KM133,MIRONTSI,2017,11955.0
KM,KM1,KM13,MUTSAMUDU,KM133,MIRONTSI,2018,12260.429326032947
KM,KM1,KM13,MUTSAMUDU,KM133,MIRONTSI,2019,12576.953460035133
KM,KM1,KM13,MUTSAMUDU,KM133,MIRONTSI,2020,12904.646728276868
KM,KM1,KM13,MUTSAMUDU,KM133,MIRONTSI,2021,13242.776899340117
KM,KM1,KM13,MUTSAMUDU,KM133,MIRONTSI,2022,13589.856226164291
KM,KM1,KM13,MUTSAMUDU,KM133,MIRONTSI,2023,13942.232804266296
KM,KM1,KM13,MUTSAMUDU,KM133,MIRONTSI,2024,14301.879001629926
KM,KM1,KM13,MUTSAMUDU,KM133,MIRONTSI,2025,14668.913323469373
KM,KM1,KM13,MUTSAMUDU,KM133,MIRONTSI,2026,15041.564443846628
KM,KM1,KM13,MUTSAMUDU,KM133,MIRONTSI,2027,15419.617289098474
KM,KM1,KM13,MUTSAMUDU,KM133,MIRONTSI,2028,15800.518301868877
KM,KM1,KM13,MUTSAMUDU,KM134,MUTSAMUDU,2017,34941.0
KM,KM1,KM13,MUTSAMUDU,KM134,MUTSAMUDU,2018,35822.633007626864
KM,KM1,KM13,MUTSAMUDU,KM134,MUTSAMUDU,2019,36737.356806334465
KM,KM1,KM13,MUTSAMUDU,KM134,MUTSAMUDU,2020,37684.250458820745
KM,KM1,KM13,MUTSAMUDU,KM134,MUTSAMUDU,2021,38662.786877606115
KM,KM1,KM13,MUTSAMUDU,KM134,MUTSAMUDU,2022,39666.91188745341
KM,KM1,KM13,MUTSAMUDU,KM134,MUTSAMUDU,2023,40688.01640501203
KM,KM1,KM13,MUTSAMUDU,KM134,MUTSAMUDU,2024,41729.58024902271
KM,KM1,KM13,MUTSAMUDU,KM134,MUTSAMUDU,2025,42793.90793423205
KM,KM1,KM13,MUTSAMUDU,KM134,MUTSAMUDU,2026,43875.56882655503
KM,KM1,KM13,MUTSAMUDU,KM134,MUTSAMUDU,2027,44973.52152189154
KM,KM1,KM13,MUTSAMUDU,KM134,MUTSAMUDU,2028,46080.1946452152
KM,KM1,KM14,OUANI,KM141,BAMBAO MTROUNI,2017,27917.0
KM,KM1,KM14,OUANI,KM141,BAMBAO MTROUNI,2018,28618.546152530176
KM,KM1,KM14,OUANI,KM141,BAMBAO MTROUNI,2019,29346.257837427045
KM,KM1,KM14,OUANI,KM141,BAMBAO MTROUNI,2020,30100.38684017821
KM,KM1,KM14,OUANI,KM141,BAMBAO MTROUNI,2021,30879.227484601295
KM,KM1,KM14,OUANI,KM141,BAMBAO MTROUNI,2022,31679.36575214156
KM,KM1,KM14,OUANI,KM141,BAMBAO MTROUNI,2023,32492.35541292301
KM,KM1,KM14,OUANI,KM141,BAMBAO MTROUNI,2024,33322.801259400054
KM,KM1,KM14,OUANI,KM141,BAMBAO MTROUNI,2025,34171.041227381174
KM,KM1,KM14,OUANI,KM141,BAMBAO MTROUNI,2026,35032.98009431465
KM,KM1,KM14,OUANI,KM141,BAMBAO MTROUNI,2027,35908.18777514366
KM,KM1,KM14,OUANI,KM141,BAMBAO MTROUNI,2028,36790.77655426577
KM,KM1,KM14,OUANI,KM142,BAZIMINI,2017,18468.0
KM,KM1,KM14,OUANI,KM142,BAZIMINI,2018,18931.6970775212
KM,KM1,KM14,OUANI,KM142,BAZIMINI,2019,19412.712273920362
KM,KM1,KM14,OUANI,KM142,BAZIMINI,2020,19911.214820758163
KM,KM1,KM14,OUANI,KM142,BAZIMINI,2021,20426.076501579715
KM,KM1,KM14,OUANI,KM142,BAZIMINI,2022,20955.040882880105
KM,KM1,KM14,OUANI,KM142,BAZIMINI,2023,21492.523292508362
KM,KM1,KM14,OUANI,KM142,BAZIMINI,2024,22041.569914773663
KM,KM1,KM14,OUANI,KM142,BAZIMINI,2025,22602.40639225285
KM,KM1,KM14,OUANI,KM142,BAZIMINI,2026,23172.325005097096
KM,KM1,KM14,OUANI,KM142,BAZIMINI,2027,23751.043698374404
KM,KM1,KM14,OUANI,KM142,BAZIMINI,2028,24334.670124616125
KM,KM1,KM14,OUANI,KM143,OUANI,2017,22501.0
KM,KM1,KM14,OUANI,KM143,OUANI,2018,23069.56071063858
KM,KM1,KM14,OUANI,KM143,OUANI,2019,23659.142122520934
KM,KM1,KM14,OUANI,KM143,OUANI,2020,24269.926306583777
KM,KM1,KM14,OUANI,KM143,OUANI,2021,24900.537370599483
KM,KM1,KM14,OUANI,KM143,OUANI,2022,25548.207587229248
KM,KM1,KM14,OUANI,KM143,OUANI,2023,26206.10755705816
KM,KM1,KM14,OUANI,KM143,OUANI,2024,26877.949000524077
KM,KM1,KM14,OUANI,KM143,OUANI,2025,27563.987964612257
KM,KM1,KM14,OUANI,KM143,OUANI,2026,28260.91274224625
KM,KM1,KM14,OUANI,KM143,OUANI,2027,28968.357438904262
KM,KM1,KM14,OUANI,KM143,OUANI,2028,29681.55649351281
KM,KM1,KM15,SIMA,KM152,SIMA,2017,18415.0
KM,KM1,KM15,SIMA,KM152,SIMA,2018,18668.410934522333
KM,KM1,KM15,SIMA,KM152,SIMA,2019,18930.668011419482
KM,KM1,KM15,SIMA,KM152,SIMA,2020,19201.790196020076
KM,KM1,KM15,SIMA,KM152,SIMA,2021,19481.182502430875
KM,KM1,KM15,SIMA,KM152,SIMA,2022,19767.60887194383
KM,KM1,KM15,SIMA,KM152,SIMA,2023,20058.06997225455
KM,KM1,KM15,SIMA,KM152,SIMA,2024,20354.1630478905
KM,KM1,KM15,SIMA,KM152,SIMA,2025,20655.951791724485
KM,KM1,KM15,SIMA,KM152,SIMA,2026,20961.980585459773
KM,KM1,KM15,SIMA,KM152,SIMA,2027,21272.037313105935
KM,KM1,KM15,SIMA,KM152,SIMA,2028,21584.01512119846
KM,KM1,KM15,SIMA,KM153,VOUANI,2017,16758.0
KM,KM1,KM15,SIMA,KM153,VOUANI,2018,17178.762162935902
KM,KM1,KM15,SIMA,KM153,VOUANI,2019,17615.238915224032
KM,KM1,KM15,SIMA,KM153,VOUANI,2020,18067.583818836112
KM,KM1,KM15,SIMA,KM153,VOUANI,2021,18534.773121803813
KM,KM1,KM15,SIMA,KM153,VOUANI,2022,19014.759319650468
KM,KM1,KM15,SIMA,KM153,VOUANI,2023,19502.474839498325
KM,KM1,KM15,SIMA,KM153,VOUANI,2024,20000.683811553878
KM,KM1,KM15,SIMA,KM153,VOUANI,2025,20509.590985562772
KM,KM1,KM15,SIMA,KM153,VOUANI,2026,21026.739356476995
KM,KM1,KM15,SIMA,KM153,VOUANI,2027,21551.87298556196
KM,KM1,KM15,SIMA,KM153,VOUANI,2028,22081.459927892407
KM,KM1,KM16,MOYA,KM151,MOYA,2017,24140.0
KM,KM1,KM16,MOYA,KM151,MOYA,2018,24746.110431631023
KM,KM1,KM16,MOYA,KM151,MOYA,2019,25374.857823935323
KM,KM1,KM16,MOYA,KM151,MOYA,2020,26026.46338385868
KM,KM1,KM16,MOYA,KM151,MOYA,2021,26699.45239052059
KM,KM1,KM16,MOYA,KM151,MOYA,2022,27390.87540138216
KM,KM1,KM16,MOYA,KM151,MOYA,2023,28093.43254717088
KM,KM1,KM16,MOYA,KM151,MOYA,2024,28811.105574108522
KM,KM1,KM16,MOYA,KM151,MOYA,2025,29544.18942543772
KM,KM1,KM16,MOYA,KM151,MOYA,2026,30289.14477057851
KM,KM1,KM16,MOYA,KM151,MOYA,2027,31045.602928241176
KM,KM1,KM16,MOYA,KM151,MOYA,2028,31808.476110473966
KM,KM2,KM21,HAMAHAMET MBOINKOU,KM211,MBOINKOU,2017,11574.0
KM,KM2,KM21,HAMAHAMET MBOINKOU,KM211,MBOINKOU,2018,11825.850908516197
KM,KM2,KM21,HAMAHAMET MBOINKOU,KM211,MBOINKOU,2019,12089.356205300655
KM,KM2,KM21,HAMAHAMET MBOINKOU,KM211,MBOINKOU,2020,12364.790469841919
KM,KM2,KM21,HAMAHAMET MBOINKOU,KM211,MBOINKOU,2021,12651.5130154061
KM,KM2,KM21,HAMAHAMET MBOINKOU,KM211,MBOINKOU,2022,12948.30348627896
KM,KM2,KM21,HAMAHAMET MBOINKOU,KM211,MBOINKOU,2023,13251.927940638465
KM,KM2,KM21,HAMAHAMET MBOINKOU,KM211,MBOINKOU,2024,13564.36945507192
KM,KM2,KM21,HAMAHAMET MBOINKOU,KM211,MBOINKOU,2025,13885.933117864171
KM,KM2,KM21,HAMAHAMET MBOINKOU,KM211,MBOINKOU,2026,14215.154501965
KM,KM2,KM21,HAMAHAMET MBOINKOU,KM211,MBOINKOU,2027,14552.033606891626
KM,KM2,KM21,HAMAHAMET MBOINKOU,KM211,MBOINKOU,2028,14894.465318859951
KM,KM2,KM21,HAMAHAMET MBOINKOU,KM212,NYUMA MRO,2017,11445.0
KM,KM2,KM21,HAMAHAMET MBOINKOU,KM212,NYUMA MRO,2018,11694.043861065134
KM,KM2,KM21,HAMAHAMET MBOINKOU,KM212,NYUMA MRO,2019,11954.612214417315
KM,KM2,KM21,HAMAHAMET MBOINKOU,KM212,NYUMA MRO,2020,12226.976579172348
KM,KM2,KM21,HAMAHAMET MBOINKOU,KM212,NYUMA MRO,2021,12510.503409480112
KM,KM2,KM21,HAMAHAMET MBOINKOU,KM212,NYUMA MRO,2022,12803.985951310066
KM,KM2,KM21,HAMAHAMET MBOINKOU,KM212,NYUMA MRO,2023,13104.22630729283
KM,KM2,KM21,HAMAHAMET MBOINKOU,KM212,NYUMA MRO,2024,13413.185451295845
KM,KM2,KM21,HAMAHAMET MBOINKOU,KM212,NYUMA MRO,2025,13731.165071190206
KM,KM2,KM21,HAMAHAMET MBOINKOU,KM212,NYUMA MRO,2026,14056.717061948282
KM,KM2,KM21,HAMAHAMET MBOINKOU,KM212,NYUMA MRO,2027,14389.84142309268
KM,KM2,KM21,HAMAHAMET MBOINKOU,KM212,NYUMA MRO,2028,14728.456503745649
KM,KM2,KM21,HAMAHAMET MBOINKOU,KM213,NYUMA MSIRU,2017,13629.0
KM,KM2,KM21,HAMAHAMET MBOINKOU,KM213,NYUMA MSIRU,2018,13925.567827213345
KM,KM2,KM21,HAMAHAMET MBOINKOU,KM213,NYUMA MSIRU,2019,14235.859315884107
KM,KM2,KM21,HAMAHAMET MBOINKOU,KM213,NYUMA MSIRU,2020,14560.19779795019
KM,KM2,KM21,HAMAHAMET MBOINKOU,KM213,NYUMA MSIRU,2021,14897.828830738703
KM,KM2,KM21,HAMAHAMET MBOINKOU,KM213,NYUMA MSIRU,2022,15247.315380550885
KM,KM2,KM21,HAMAHAMET MBOINKOU,KM213,NYUMA MSIRU,2023,15604.849309051462
KM,KM2,KM21,HAMAHAMET MBOINKOU,KM213,NYUMA MSIRU,2024,15972.76579429542
KM,KM2,KM21,HAMAHAMET MBOINKOU,KM213,NYUMA MSIRU,2025,16351.424093949438
KM,KM2,KM21,HAMAHAMET MBOINKOU,KM213,NYUMA MSIRU,2026,16739.099767347587
KM,KM2,KM21,HAMAHAMET MBOINKOU,KM213,NYUMA MSIRU,2027,17135.792813921373
KM,KM2,KM21,HAMAHAMET MBOINKOU,KM213,NYUMA MSIRU,2028,17539.024350331976
KM,KM2,KM22,HAMBOU,KM221,DJOUMOIPANGUA,2017,9333.0
KM,KM2,KM22,HAMBOU,KM221,DJOUMOIPANGUA,2018,9536.086619075657
KM,KM2,KM22,HAMBOU,KM221,DJOUMOIPANGUA,2019,9748.571061350529
KM,KM2,KM22,HAMBOU,KM221,DJOUMOIPANGUA,2020,9970.674741233335
KM,KM2,KM22,HAMBOU,KM221,DJOUMOIPANGUA,2021,10201.88102408719
KM,KM2,KM22,HAMBOU,KM221,DJOUMOIPANGUA,2022,10441.205843912348
KM,KM2,KM22,HAMBOU,KM221,DJOUMOIPANGUA,2023,10686.041426471296
KM,KM2,KM22,HAMBOU,KM221,DJOUMOIPANGUA,2024,10937.986877845708
KM,KM2,KM22,HAMBOU,KM221,DJOUMOIPANGUA,2025,11197.288214016442
KM,KM2,KM22,HAMBOU,KM221,DJOUMOIPANGUA,2026,11462.764555628075
KM,KM2,KM22,HAMBOU,KM221,DJOUMOIPANGUA,2027,11734.415902291305
KM,KM2,KM22,HAMBOU,KM221,DJOUMOIPANGUA,2028,12010.544740013818
KM,KM2,KM22,HAMBOU,KM222,TSINIMOIPANGUA,2017,13443.0
KM,KM2,KM22,HAMBOU,KM222,TSINIMOIPANGUA,2018,13735.520456469952
KM,KM2,KM22,HAMBOU,KM222,TSINIMOIPANGUA,2019,14041.577282517428
KM,KM2,KM22,HAMBOU,KM222,TSINIMOIPANGUA,2020,14361.48939744988
KM,KM2,KM22,HAMBOU,KM222,TSINIMOIPANGUA,2021,14694.512654752396
KM,KM2,KM22,HAMBOU,KM222,TSINIMOIPANGUA,2022,15054.014022625859
KM,KM2,KM22,HAMBOU,KM222,TSINIMOIPANGUA,2023,15413.638581271987
KM,KM2,KM22,HAMBOU,KM222,TSINIMOIPANGUA,2024,15802.8499567972
KM,KM2,KM22,HAMBOU,KM222,TSINIMOIPANGUA,2025,16186.991057802441
KM,KM2,KM22,HAMBOU,KM222,TSINIMOIPANGUA,2026,16579.327353221648
KM,KM2,KM22,HAMBOU,KM222,TSINIMOIPANGUA,2027,16979.80874227239
KM,KM2,KM22,HAMBOU,KM222,TSINIMOIPANGUA,2028,17385.85594250804
KM,KM2,KM23,ITSANDRA HAMANVOU,KM231,BANGAANI,2017,19356.0
KM,KM2,KM23,ITSANDRA HAMANVOU,KM231,BANGAANI,2018,19777.18767800583
KM,KM2,KM23,ITSANDRA HAMANVOU,KM231,BANGAANI,2019,20217.865794867765
KM,KM2,KM23,ITSANDRA HAMANVOU,KM231,BANGAANI,2020,20678.49354883879
KM,KM2,KM23,ITSANDRA HAMANVOU,KM231,BANGAANI,2021,21157.999475220364
KM,KM2,KM23,ITSANDRA HAMANVOU,KM231,BANGAANI,2022,21654.342688821114
KM,KM2,KM23,ITSANDRA HAMANVOU,KM231,BANGAANI,2023,22162.114845256445
KM,KM2,KM23,ITSANDRA HAMANVOU,KM231,BANGAANI,2024,22684.632380540184
KM,KM2,KM23,ITSANDRA HAMANVOU,KM231,BANGAANI,2025,23222.405514893628
KM,KM2,KM23,ITSANDRA HAMANVOU,KM231,BANGAANI,2026,23772.98518576417
KM,KM2,KM23,ITSANDRA HAMANVOU,KM231,BANGAANI,2027,24336.371392344423
KM,KM2,KM23,ITSANDRA HAMANVOU,KM231,BANGAANI,2028,24909.043607383202
KM,KM2,KM23,ITSANDRA HAMANVOU,KM232,DJOUMOICHONGO,2017,7442.0
KM,KM2,KM23,ITSANDRA HAMANVOU,KM232,DJOUMOICHONGO,2018,7603.938349851178
KM,KM2,KM23,ITSANDRA HAMANVOU,KM232,DJOUMOICHONGO,2019,7773.37038878931
KM,KM2,KM23,ITSANDRA HAMANVOU,KM232,DJOUMOICHONGO,2020,7950.472669480176
KM,KM2,KM23,ITSANDRA HAMANVOU,KM232,DJOUMOICHONGO,2021,8134.833234893054
KM,KM2,KM23,ITSANDRA HAMANVOU,KM232,DJOUMOICHONGO,2022,8325.667404949716
KM,KM2,KM23,ITSANDRA HAMANVOU,KM232,DJOUMOICHONGO,2023,8520.895777970576
KM,KM2,KM23,ITSANDRA HAMANVOU,KM232,DJOUMOICHONGO,2024,8721.79345815148
KM,KM2,KM23,ITSANDRA HAMANVOU,KM232,DJOUMOICHONGO,2025,8928.556615098078
KM,KM2,KM23,ITSANDRA HAMANVOU,KM232,DJOUMOICHONGO,2026,9140.24363259232
KM,KM2,KM23,ITSANDRA HAMANVOU,KM232,DJOUMOICHONGO,2027,9356.854510323785
KM,KM2,KM23,ITSANDRA HAMANVOU,KM232,DJOUMOICHONGO,2028,9577.035675043699
KM,KM2,KM23,ITSANDRA HAMANVOU,KM233,HAMANVOU,2017,13789.0
KM,KM2,KM23,ITSANDRA HAMANVOU,KM233,HAMANVOU,2018,14089.04943645497
KM,KM2,KM23,ITSANDRA HAMANVOU,KM233,HAMANVOU,2019,14402.983645661892
KM,KM2,KM23,ITSANDRA HAMANVOU,KM233,HAMANVOU,2020,14731.129755369811
KM,KM2,KM23,ITSANDRA HAMANVOU,KM233,HAMANVOU,2021,15072.724465995743
KM,KM2,KM23,ITSANDRA HAMANVOU,KM233,HAMANVOU,2022,15426.31387353556
KM,KM2,KM23,ITSANDRA HAMANVOU,KM233,HAMANVOU,2023,15788.045133356125
KM,KM2,KM23,ITSANDRA HAMANVOU,KM233,HAMANVOU,2024,16160.280837738612
KM,KM2,KM23,ITSANDRA HAMANVOU,KM233,HAMANVOU,2025,16543.384461917147
KM,KM2,KM23,ITSANDRA HAMANVOU,KM233,HAMANVOU,2026,16935.611320856693
KM,KM2,KM23,ITSANDRA HAMANVOU,KM233,HAMANVOU,2027,17336.961413982084
KM,KM2,KM23,ITSANDRA HAMANVOU,KM233,HAMANVOU,2028,17744.926756675293
KM,KM2,KM23,ITSANDRA HAMANVOU,KM234,ISAHARI,2017,8279.0
KM,KM2,KM23,ITSANDRA HAMANVOU,KM234,ISAHARI,2018,8459.15151819644
KM,KM2,KM23,ITSANDRA HAMANVOU,KM234,ISAHARI,2019,8647.639538939358
KM,KM2,KM23,ITSANDRA HAMANVOU,KM234,ISAHARI,2020,8844.660471731575
KM,KM2,KM23,ITSANDRA HAMANVOU,KM234,ISAHARI,2021,9049.756026831443
KM,KM2,KM23,ITSANDRA HAMANVOU,KM234,ISAHARI,2022,9262.0532713758
KM,KM2,KM23,ITSANDRA HAMANVOU,KM234,ISAHARI,2023,9479.238933864339
KM,KM2,KM23,ITSANDRA HAMANVOU,KM234,ISAHARI,2024,9702.731529163679
KM,KM2,KM23,ITSANDRA HAMANVOU,KM234,ISAHARI,2025,9932.749290029158
KM,KM2,KM23,ITSANDRA HAMANVOU,KM234,ISAHARI,2026,10168.244696886835
KM,KM2,KM23,ITSANDRA HAMANVOU,KM234,ISAHARI,2027,10409.217749391377
KM,KM2,KM23,ITSANDRA HAMANVOU,KM234,ISAHARI,2028,10654.162638227193
KM,KM2,KM23,ITSANDRA HAMANVOU,KM235,MBADANI,2017,8469.0
KM,KM2,KM23,ITSANDRA HAMANVOU,KM235,MBADANI,2018,8653.285929170872
KM,KM2,KM23,ITSANDRA HAMANVOU,KM235,MBADANI,2019,8846.09968055048
KM,KM2,KM23,ITSANDRA HAMANVOU,KM235,MBADANI,2020,9047.642171167376
KM,KM2,KM23,ITSANDRA HAMANVOU,KM235,MBADANI,2021,9257.444593699176
KM,KM2,KM23,ITSANDRA HAMANVOU,KM235,MBADANI,2022,9474.613981795103
KM,KM2,KM23,ITSANDRA HAMANVOU,KM235,MBADANI,2023,9696.783975226124
KM,KM2,KM23,ITSANDRA HAMANVOU,KM235,MBADANI,2024,9925.405643252469
KM,KM2,KM23,ITSANDRA HAMANVOU,KM235,MBADANI,2025,10160.702226990812
KM,KM2,KM23,ITSANDRA HAMANVOU,KM235,MBADANI,2026,10401.6021666789
KM,KM2,KM23,ITSANDRA HAMANVOU,KM235,MBADANI,2027,10648.105461963469
KM,KM2,KM23,ITSANDRA HAMANVOU,KM235,MBADANI,2028,10898.671745759886
KM,KM2,KM24,MBADJINI EST,KM241,DOMBA,2017,8163.0
KM,KM2,KM24,MBADJINI EST,KM241,DOMBA,2018,8340.62735149626
KM,KM2,KM24,MBADJINI EST,KM241,DOMBA,2019,8526.474399850462
KM,KM2,KM24,MBADJINI EST,KM241,DOMBA,2020,8720.734802602348
KM,KM2,KM24,MBADJINI EST,KM241,DOMBA,2021,8922.956691270088
KM,KM2,KM24,MBADJINI EST,KM241,DOMBA,2022,9132.27936396191
KM,KM2,KM24,MBADJINI EST,KM241,DOMBA,2023,9346.421961243459
KM,KM2,KM24,MBADJINI EST,KM241,DOMBA,2024,9566.783122667364
KM,KM2,KM24,MBADJINI EST,KM241,DOMBA,2025,9793.578023252569
KM,KM2,KM24,MBADJINI EST,KM241,DOMBA,2026,10025.773820592734
KM,KM2,KM24,MBADJINI EST,KM241,DOMBA,2027,10263.37051434736
KM,KM2,KM24,MBADJINI EST,KM241,DOMBA,2028,10504.883393628286
KM,KM2,KM24,MBADJINI EST,KM242,ITSAHIDI,2017,15226.0
KM,KM2,KM24,MBADJINI EST,KM242,ITSAHIDI,2018,15557.318639456334
KM,KM2,KM24,MBADJINI EST,KM242,ITSAHIDI,2019,15903.96903247864
KM,KM2,KM24,MBADJINI EST,KM242,ITSAHIDI,2020,16266.312397944794
KM,KM2,KM24,MBADJINI EST,KM242,ITSAHIDI,2021,16643.50589014803
KM,KM2,KM24,MBADJINI EST,KM242,ITSAHIDI,2022,17033.944088654178
KM,KM2,KM24,MBADJINI EST,KM242,ITSAHIDI,2023,17433.37263039237
KM,KM2,KM24,MBADJINI EST,KM242,ITSAHIDI,2024,17844.400321662783
KM,KM2,KM24,MBADJINI EST,KM242,ITSAHIDI,2025,18267.428516727137
KM,KM2,KM24,MBADJINI EST,KM242,ITSAHIDI,2026,18700.53071081036
KM,KM2,KM24,MBADJINI EST,KM242,ITSAHIDI,2027,19143.70690327734
KM,KM2,KM24,MBADJINI EST,KM242,ITSAHIDI,2028,19594.187743646242
KM,KM2,KM24,MBADJINI EST,KM243,PIMBA,2017,11923.0
KM,KM2,KM24,MBADJINI EST,KM243,PIMBA,2018,12182.445168674496
KM,KM2,KM24,MBADJINI EST,KM243,PIMBA,2019,12453.896149628454
KM,KM2,KM24,MBADJINI EST,KM243,PIMBA,2020,12737.635801963468
KM,KM2,KM24,MBADJINI EST,KM243,PIMBA,2021,13033.00411981052
KM,KM2,KM24,MBADJINI EST,KM243,PIMBA,2022,13338.743949101783
KM,KM2,KM24,MBADJINI EST,KM243,PIMBA,2023,13651.523832403007
KM,KM2,KM24,MBADJINI EST,KM243,PIMBA,2024,13979.063924217611
KM,KM2,KM24,MBADJINI EST,KM243,PIMBA,2025,14304.646670493737
KM,KM2,KM24,MBADJINI EST,KM243,PIMBA,2026,14643.795328056738
KM,KM2,KM24,MBADJINI EST,KM243,PIMBA,2027,14990.832615774052
KM,KM2,KM24,MBADJINI EST,KM243,PIMBA,2028,15343.589942696319
KM,KM2,KM25,MBADJINI OUEST,KM251,NGOUENGOE,2017,9244.0
KM,KM2,KM25,MBADJINI OUEST,KM251,NGOUENGOE,2018,9445.149973935004
KM,KM2,KM25,MBADJINI OUEST,KM251,NGOUENGOE,2019,9655.608152911635
KM,KM2,KM25,MBADJINI OUEST,KM251,NGOUENGOE,2020,9875.59383991867
KM,KM2,KM25,MBADJINI OUEST,KM251,NGOUENGOE,2021,10104.595326975463
KM,KM2,KM25,MBADJINI OUEST,KM251,NGOUENGOE,2022,10341.637932189624
KM,KM2,KM25,MBADJINI OUEST,KM251,NGOUENGOE,2023,10584.13874920183
KM,KM2,KM25,MBADJINI OUEST,KM251,NGOUENGOE,2024,10833.681634930432
KM,KM2,KM25,MBADJINI OUEST,KM251,NGOUENGOE,2025,11090.510259334405
KM,KM2,KM25,MBADJINI OUEST,KM251,NGOUENGOE,2026,11353.455003988634
KM,KM2,KM25,MBADJINI OUEST,KM251,NGOUENGOE,2027,11622.515868507533
KM,KM2,KM25,MBADJINI OUEST,KM251,NGOUENGOE,2028,11896.011526485347
KM,KM2,KM25,MBADJINI OUEST,KM252,NIOUMAGAMA,2017,14356.0
KM,KM2,KM25,MBADJINI OUEST,KM252,NIOUMAGAMA,2018,14668.387389204987
KM,KM2,KM25,MBADJINI OUEST,KM252,NIOUMAGAMA,2019,14995.230489311925
KM,KM2,KM25,MBADJINI OUEST,KM252,NIOUMAGAMA,2020,15336.8698794756
KM,KM2,KM25,MBADJINI OUEST,KM252,NIOUMAGAMA,2021,15692.510873437877
KM,KM2,KM25,MBADJINI OUEST,KM252,NIOUMAGAMA,2022,16060.639783050005
KM,KM2,KM25,MBADJINI OUEST,KM252,NIOUMAGAMA,2023,16437.24533573577
KM,KM2,KM25,MBADJINI OUEST,KM252,NIOUMAGAMA,2024,16824.787272940426
KM,KM2,KM25,MBADJINI OUEST,KM252,NIOUMAGAMA,2025,17223.644015902715
KM,KM2,KM25,MBADJINI OUEST,KM252,NIOUMAGAMA,2026,17631.99913860459
KM,KM2,KM25,MBADJINI OUEST,KM252,NIOUMAGAMA,2027,18049.85264044723
KM,KM2,KM25,MBADJINI OUEST,KM252,NIOUMAGAMA,2028,18474.593409154437
KM,KM2,KM26,MBOUDE,KM265,NYUMAMRO KIBLANI,2017,12089.0
KM,KM2,KM26,MBOUDE,KM265,NYUMAMRO KIBLANI,2018,12352.057338262684
KM,KM2,KM26,MBOUDE,KM265,NYUMAMRO KIBLANI,2019,12627.287641772906
KM,KM2,KM26,MBOUDE,KM265,NYUMAMRO KIBLANI,2020,12914.977707786327
KM,KM2,KM26,MBOUDE,KM265,NYUMAMRO KIBLANI,2021,13214.458341389696
KM,KM2,KM26,MBOUDE,KM265,NYUMAMRO KIBLANI,2022,13524.454885573385
KM,KM2,KM26,MBOUDE,KM265,NYUMAMRO KIBLANI,2023,13841.589500119095
KM,KM2,KM26,MBOUDE,KM265,NYUMAMRO KIBLANI,2024,14167.933501154694
KM,KM2,KM26,MBOUDE,KM265,NYUMAMRO KIBLANI,2025,14503.805552260235
KM,KM2,KM26,MBOUDE,KM265,NYUMAMRO KIBLANI,2026,14847.676064822437
KM,KM2,KM26,MBOUDE,KM265,NYUMAMRO KIBLANI,2027,15199.545038337037
KM,KM2,KM26,MBOUDE,KM265,NYUMAMRO KIBLANI,2028,15557.213689277514
KM,KM2,KM26,MBOUDE,KM266,NYUMAMRO SOUHEILI,2017,12250.0
KM,KM2,KM26,MBOUDE,KM266,NYUMAMRO SOUHEILI,2018,12516.560707562072
KM,KM2,KM26,MBOUDE,KM266,NYUMAMRO SOUHEILI,2019,12795.456498611804
KM,KM2,KM26,MBOUDE,KM266,NYUMAMRO SOUHEILI,2020,13086.977989939822
KM,KM2,KM26,MBOUDE,KM266,NYUMAMRO SOUHEILI,2021,13390.447074367094
KM,KM2,KM26,MBOUDE,KM266,NYUMAMRO SOUHEILI,2022,13704.572119139215
KM,KM2,KM26,MBOUDE,KM266,NYUMAMRO SOUHEILI,2023,14025.93029832566
KM,KM2,KM26,MBOUDE,KM266,NYUMAMRO SOUHEILI,2024,14356.620513619408
KM,KM2,KM26,MBOUDE,KM266,NYUMAMRO SOUHEILI,2025,14696.965672527742
KM,KM2,KM26,MBOUDE,KM266,NYUMAMRO SOUHEILI,2026,15045.415815540975
KM,KM2,KM26,MBOUDE,KM266,NYUMAMRO SOUHEILI,2027,15401.970942148128
KM,KM2,KM26,MBOUDE,KM266,NYUMAMRO SOUHEILI,2028,15764.402985660481
KM,KM2,KM26,MITSAMIOULI,KM261,CEMBENOI LAC SALE,2017,7926.0
KM,KM2,KM26,MITSAMIOULI,KM261,CEMBENOI LAC SALE,2018,8098.4702178071
KM,KM2,KM26,MITSAMIOULI,KM261,CEMBENOI LAC SALE,2019,8278.921486367115
KM,KM2,KM26,MITSAMIOULI,KM261,CEMBENOI LAC SALE,2020,8467.541840674534
KM,KM2,KM26,MITSAMIOULI,KM261,CEMBENOI LAC SALE,2021,8663.8925315456
KM,KM2,KM26,MITSAMIOULI,KM261,CEMBENOI LAC SALE,2022,8867.137846228361
KM,KM2,KM26,MITSAMIOULI,KM261,CEMBENOI LAC SALE,2023,9075.063146492179
KM,KM2,KM26,MITSAMIOULI,KM261,CEMBENOI LAC SALE,2024,9289.026464567138
KM,KM2,KM26,MITSAMIOULI,KM261,CEMBENOI LAC SALE,2025,9509.236728200398
KM,KM2,KM26,MITSAMIOULI,KM261,CEMBENOI LAC SALE,2026,9734.69108195737
KM,KM2,KM26,MITSAMIOULI,KM261,CEMBENOI LAC SALE,2027,9965.389525507435
KM,KM2,KM26,MITSAMIOULI,KM261,CEMBENOI LAC SALE,2028,10199.890454232243
KM,KM2,KM26,MITSAMIOULI,KM262,CEMBENOI SADA DJOULAMLIMA,2017,6374.0
KM,KM2,KM26,MITSAMIOULI,KM262,CEMBENOI SADA DJOULAMLIMA,2018,6512.698608163318
KM,KM2,KM26,MITSAMIOULI,KM262,CEMBENOI SADA DJOULAMLIMA,2019,6657.815487522583
KM,KM2,KM26,MITSAMIOULI,KM262,CEMBENOI SADA DJOULAMLIMA,2020,6809.501853704197
KM,KM2,KM26,MITSAMIOULI,KM262,CEMBENOI SADA DJOULAMLIMA,2021,6967.404869552314
KM,KM2,KM26,MITSAMIOULI,KM262,CEMBENOI SADA DJOULAMLIMA,2022,7130.852464277008
KM,KM2,KM26,MITSAMIOULI,KM262,CEMBENOI SADA DJOULAMLIMA,2023,7298.06365073696
KM,KM2,KM26,MITSAMIOULI,KM262,CEMBENOI SADA DJOULAMLIMA,2024,7470.130543168171
KM,KM2,KM26,MITSAMIOULI,KM262,CEMBENOI SADA DJOULAMLIMA,2025,7647.221158913619
KM,KM2,KM26,MITSAMIOULI,KM262,CEMBENOI SADA DJOULAMLIMA,2026,7828.529012919034
KM,KM2,KM26,MITSAMIOULI,KM262,CEMBENOI SADA DJOULAMLIMA,2027,8014.054104918545
KM,KM2,KM26,MITSAMIOULI,KM262,CEMBENOI SADA DJOULAMLIMA,2028,8202.637112702034
KM,KM2,KM26,MITSAMIOULI,KM263,MITSAMIOULI,2017,9907.0
KM,KM2,KM26,MITSAMIOULI,KM263,MITSAMIOULI,2018,10122.576892229996
KM,KM2,KM26,MITSAMIOULI,KM263,MITSAMIOULI,2019,10348.12959442834
KM,KM2,KM26,MITSAMIOULI,KM263,MITSAMIOULI,2020,10583.893138476229
KM,KM2,KM26,MITSAMIOULI,KM263,MITSAMIOULI,2021,10829.319115571821
KM,KM2,KM26,MITSAMIOULI,KM263,MITSAMIOULI,2022,11083.362937494872
KM,KM2,KM26,MITSAMIOULI,KM263,MITSAMIOULI,2023,11343.25644616427
KM,KM2,KM26,MITSAMIOULI,KM263,MITSAMIOULI,2024,11610.69709619816
KM,KM2,KM26,MITSAMIOULI,KM263,MITSAMIOULI,2025,11885.946034100598
KM,KM2,KM26,MITSAMIOULI,KM263,MITSAMIOULI,2026,12167.749753841996
KM,KM2,KM26,MITSAMIOULI,KM263,MITSAMIOULI,2027,12456.108255009103
KM,KM2,KM26,MITSAMIOULI,KM263,MITSAMIOULI,2028,12749.21962277048
KM,KM2,KM26,MITSAMIOULI,KM264,NYUMA KOMO,2017,7614.0
KM,KM2,KM26,MITSAMIOULI,KM264,NYUMA KOMO,2018,7779.681079785927
KM,KM2,KM26,MITSAMIOULI,KM264,NYUMA KOMO,2019,7953.029043300431
KM,KM2,KM26,MITSAMIOULI,KM264,NYUMA KOMO,2020,8134.224523706269
KM,KM2,KM26,MITSAMIOULI,KM264,NYUMA KOMO,2021,8322.846042794372
KM,KM2,KM26,MITSAMIOULI,KM264,NYUMA KOMO,2022,8518.090784908243
KM,KM2,KM26,MITSAMIOULI,KM264,NYUMA KOMO,2023,8717.831289098089
KM,KM2,KM26,MITSAMIOULI,KM264,NYUMA KOMO,2024,8923.37212985291
KM,KM2,KM26,MITSAMIOULI,KM264,NYUMA KOMO,2025,9134.914010663366
KM,KM2,KM26,MITSAMIOULI,KM264,NYUMA KOMO,2026,9351.493552614611
KM,KM2,KM26,MITSAMIOULI,KM264,NYUMA KOMO,2027,9573.110755389049
KM,KM2,KM26,MITSAMIOULI,KM264,NYUMA KOMO,2028,9798.380761862767
KM,KM2,KM27,MORONI BAMBAO,KM271,BAMBAO YA HARI,2017,20854.0
KM,KM2,KM27,MORONI BAMBAO,KM271,BAMBAO YA HARI,2018,21307.784244530565
KM,KM2,KM27,MORONI BAMBAO,KM271,BAMBAO YA HARI,2019,21782.56733241229
KM,KM2,KM27,MORONI BAMBAO,KM271,BAMBAO YA HARI,2020,22278.844000180005
KM,KM2,KM27,MORONI BAMBAO,KM271,BAMBAO YA HARI,2021,22795.459860314397
KM,KM2,KM27,MORONI BAMBAO,KM271,BAMBAO YA HARI,2022,23330.216079390135
KM,KM2,KM27,MORONI BAMBAO,KM271,BAMBAO YA HARI,2023,23877.28575030884
KM,KM2,KM27,MORONI BAMBAO,KM271,BAMBAO YA HARI,2024,24440.24197477707
KM,KM2,KM27,MORONI BAMBAO,KM271,BAMBAO YA HARI,2025,25019.63445999131
KM,KM2,KM27,MORONI BAMBAO,KM271,BAMBAO YA HARI,2026,25612.824605493184
KM,KM2,KM27,MORONI BAMBAO,KM271,BAMBAO YA HARI,2027,26219.812410412822
KM,KM2,KM27,MORONI BAMBAO,KM271,BAMBAO YA HARI,2028,26836.804886772545
KM,KM2,KM27,MORONI BAMBAO,KM272,BAMBAO YA MBOINI,2017,12108.0
KM,KM2,KM27,MORONI BAMBAO,KM272,BAMBAO YA MBOINI,2018,12371.470779360128
KM,KM2,KM27,MORONI BAMBAO,KM272,BAMBAO YA MBOINI,2019,12647.13365593402
KM,KM2,KM27,MORONI BAMBAO,KM272,BAMBAO YA MBOINI,2020,12935.275877729908
KM,KM2,KM27,MORONI BAMBAO,KM272,BAMBAO YA MBOINI,2021,13235.22719807647
KM,KM2,KM27,MORONI BAMBAO,KM272,BAMBAO YA MBOINI,2022,13545.710956615316
KM,KM2,KM27,MORONI BAMBAO,KM272,BAMBAO YA MBOINI,2023,13863.344004255274
KM,KM2,KM27,MORONI BAMBAO,KM272,BAMBAO YA MBOINI,2024,14190.200912563574
KM,KM2,KM27,MORONI BAMBAO,KM272,BAMBAO YA MBOINI,2025,14526.6008459564
KM,KM2,KM27,MORONI BAMBAO,KM272,BAMBAO YA MBOINI,2026,14871.011811801643
KM,KM2,KM27,MORONI BAMBAO,KM272,BAMBAO YA MBOINI,2027,15223.433809594248
KM,KM2,KM27,MORONI BAMBAO,KM272,BAMBAO YA MBOINI,2028,15581.664600030785
KM,KM2,KM27,MORONI BAMBAO,KM273,BAMBAO YA DJOU,2017,13526.0
KM,KM2,KM27,MORONI BAMBAO,KM273,BAMBAO YA DJOU,2018,13820.326541264047
KM,KM2,KM27,MORONI BAMBAO,KM273,BAMBAO YA DJOU,2019,14128.273028589654
KM,KM2,KM27,MORONI BAMBAO,KM273,BAMBAO YA DJOU,2020,14450.160350361308
KM,KM2,KM27,MORONI BAMBAO,KM273,BAMBAO YA DJOU,2021,14785.239765541985
KM,KM2,KM27,MORONI BAMBAO,KM273,BAMBAO YA DJOU,2022,15132.085100692002
KM,KM2,KM27,MORONI BAMBAO,KM273,BAMBAO YA DJOU,2023,15486.916997155338
KM,KM2,KM27,MORONI BAMBAO,KM273,BAMBAO YA DJOU,2024,15852.052985078866
KM,KM2,KM27,MORONI BAMBAO,KM273,BAMBAO YA DJOU,2025,16227.849607070224
KM,KM2,KM27,MORONI BAMBAO,KM273,BAMBAO YA DJOU,2026,16612.5954547761
KM,KM2,KM27,MORONI BAMBAO,KM273,BAMBAO YA DJOU,2027,17006.290527632293
KM,KM2,KM27,MORONI BAMBAO,KM273,BAMBAO YA DJOU,2028,17406.47467624846
KM,KM2,KM27,MORONI BAMBAO,KM274,MORONI,2017,74751.0
KM,KM2,KM27,MORONI BAMBAO,KM274,MORONI,2018,76375.54255751488
KM,KM2,KM27,MORONI BAMBAO,KM274,MORONI,2019,78077.35329099867
KM,KM2,KM27,MORONI BAMBAO,KM274,MORONI,2020,79855.0
KM,KM2,KM27,MORONI BAMBAO,KM274,MORONI,2021,81706.0
KM,KM2,KM27,MORONI BAMBAO,KM274,MORONI,2022,83607.7397006969
KM,KM2,KM27,MORONI BAMBAO,KM274,MORONI,2023,85560.6541934322
KM,KM2,KM27,MORONI BAMBAO,KM274,MORONI,2024,87545.5123895948
KM,KM2,KM27,MORONI BAMBAO,KM274,MORONI,2025,89617.2846576144
KM,KM2,KM27,MORONI BAMBAO,KM274,MORONI,2026,91732.5132078263
KM,KM2,KM27,MORONI BAMBAO,KM274,MORONI,2027,93898.1980371127
KM,KM2,KM27,MORONI BAMBAO,KM274,MORONI,2028,96100.7435734804
KM,KM2,KM28,OICHILI DIMANI,KM281,DIMANI,2017,11411.0
KM,KM2,KM28,OICHILI DIMANI,KM281,DIMANI,2018,11659.30401910129
KM,KM2,KM28,OICHILI DIMANI,KM281,DIMANI,2019,11919.098294339536
KM,KM2,KM28,OICHILI DIMANI,KM281,DIMANI,2020,12191.481032875767
KM,KM2,KM28,OICHILI DIMANI,KM281,DIMANI,2021,12474.971080195905
KM,KM2,KM28,OICHILI DIMANI,KM281,DIMANI,2022,12768.361013722091
KM,KM2,KM28,OICHILI DIMANI,KM281,DIMANI,2023,13068.456558197333
KM,KM2,KM28,OICHILI DIMANI,KM281,DIMANI,2024,13377.210255473567
KM,KM2,KM28,OICHILI DIMANI,KM281,DIMANI,2025,13694.919730156545
KM,KM2,KM28,OICHILI DIMANI,KM281,DIMANI,2026,14020.134805841211
KM,KM2,KM28,OICHILI DIMANI,KM281,DIMANI,2027,14352.852309248536
KM,KM2,KM28,OICHILI DIMANI,KM281,DIMANI,2028,14690.988272896057
KM,KM2,KM28,OICHILI DIMANI,KM282,OICHILI YADJOU,2017,8861.0
KM,KM2,KM28,OICHILI DIMANI,KM282,OICHILI YADJOU,2018,9053.815871812858
KM,KM2,KM28,OICHILI DIMANI,KM282,OICHILI YADJOU,2019,9255.554288506057
KM,KM2,KM28,OICHILI DIMANI,KM282,OICHILI YADJOU,2020,9466.42546684545
KM,KM2,KM28,OICHILI DIMANI,KM282,OICHILI YADJOU,2021,9685.938900078923
KM,KM2,KM28,OICHILI DIMANI,KM282,OICHILI YADJOU,2022,9913.160289607556
KM,KM2,KM28,OICHILI DIMANI,KM282,OICHILI YADJOU,2023,10145.613744772545
KM,KM2,KM28,OICHILI DIMANI,KM282,OICHILI YADJOU,2024,10384.817499688292
KM,KM2,KM28,OICHILI DIMANI,KM282,OICHILI YADJOU,2025,10631.0051285117
KM,KM2,KM28,OICHILI DIMANI,KM282,OICHILI YADJOU,2026,10883.05547277621
KM,KM2,KM28,OICHILI DIMANI,KM282,OICHILI YADJOU,2027,11140.968532112209
KM,KM2,KM28,OICHILI DIMANI,KM282,OICHILI YADJOU,2028,11403.132641301023
KM,KM2,KM28,OICHILI DIMANI,KM283,OICHILI YABOINI,2017,6025.0
KM,KM2,KM28,OICHILI DIMANI,KM283,OICHILI YABOINI,2018,6156.104348005019
KM,KM2,KM28,OICHILI DIMANI,KM283,OICHILI YABOINI,2019,6293.275543194786
KM,KM2,KM28,OICHILI DIMANI,KM283,OICHILI YABOINI,2020,6436.656521582647
KM,KM2,KM28,OICHILI DIMANI,KM283,OICHILI YABOINI,2021,6585.913765147897
KM,KM2,KM28,OICHILI DIMANI,KM283,OICHILI YABOINI,2022,6740.412001454185
KM,KM2,KM28,OICHILI DIMANI,KM283,OICHILI YABOINI,2023,6898.467758972417
KM,KM2,KM28,OICHILI DIMANI,KM283,OICHILI YABOINI,2024,7061.1133546577075
KM,KM2,KM28,OICHILI DIMANI,KM283,OICHILI YABOINI,2025,7228.507606284053
KM,KM2,KM28,OICHILI DIMANI,KM283,OICHILI YABOINI,2026,7399.8881868272965
KM,KM2,KM28,OICHILI DIMANI,KM283,OICHILI YABOINI,2027,7575.25509603612
KM,KM2,KM28,OICHILI DIMANI,KM283,OICHILI YABOINI,2028,7753.512488865666
KM,KM3,KM31,DJANDO,KM311,DJANDO,2017,9349.0
KM,KM3,KM31,DJANDO,KM311,DJANDO,2018,9649.64379590144
KM,KM3,KM31,DJANDO,KM311,DJANDO,2019,9958.696720840395
KM,KM3,KM31,DJANDO,KM311,DJANDO,2020,10275.238544548763
KM,KM3,KM31,DJANDO,KM311,DJANDO,2021,10598.66952982585
KM,KM3,KM31,DJANDO,KM311,DJANDO,2022,10927.539312774572
KM,KM3,KM31,DJANDO,KM311,DJANDO,2023,11258.584580603529
KM,KM3,KM31,DJANDO,KM311,DJANDO,2024,11592.893092129807
KM,KM3,KM31,DJANDO,KM311,DJANDO,2025,11930.464844006283
KM,KM3,KM31,DJANDO,KM311,DJANDO,2026,12269.124284649437
KM,KM3,KM31,DJANDO,KM311,DJANDO,2027,12608.690117376733
KM,KM3,KM31,DJANDO,KM311,DJANDO,2028,12946.261609134275
KM,KM3,KM32,FOMBONI,KM321,FOMBONI,2017,17290.0
KM,KM3,KM32,FOMBONI,KM321,FOMBONI,2018,17847.8
KM,KM3,KM32,FOMBONI,KM321,FOMBONI,2019,18418.63568296623
KM,KM3,KM32,FOMBONI,KM321,FOMBONI,2020,19004.080615444716
KM,KM3,KM32,FOMBONI,KM321,FOMBONI,2021,19602.26707029829
KM,KM3,KM32,FOMBONI,KM321,FOMBONI,2022,20210.512595698485
KM,KM3,KM32,FOMBONI,KM321,FOMBONI,2023,20822.781686085742
KM,KM3,KM32,FOMBONI,KM321,FOMBONI,2024,21441.086154242857
KM,KM3,KM32,FOMBONI,KM321,FOMBONI,2025,22065.425993979316
KM,KM3,KM32,FOMBONI,KM321,FOMBONI,2026,22691.777516940143
KM,KM3,KM32,FOMBONI,KM321,FOMBONI,2027,23319.805414435883
KM,KM3,KM32,FOMBONI,KM321,FOMBONI,2028,23944.144773081694
KM,KM3,KM32,FOMBONI,KM322,MOILI MDJINI,2017,7410.0
KM,KM3,KM32,FOMBONI,KM322,MOILI MDJINI,2018,7648.289713084787
KM,KM3,KM32,FOMBONI,KM322,MOILI MDJINI,2019,7893.24448619396
KM,KM3,KM32,FOMBONI,KM322,MOILI MDJINI,2020,8144.134946529719
KM,KM3,KM32,FOMBONI,KM322,MOILI MDJINI,2021,8400.485743502999
KM,KM3,KM32,FOMBONI,KM322,MOILI MDJINI,2022,8661.14732138834
KM,KM3,KM32,FOMBONI,KM322,MOILI MDJINI,2023,8923.533184540822
KM,KM3,KM32,FOMBONI,KM322,MOILI MDJINI,2024,9188.50548857438
KM,KM3,KM32,FOMBONI,KM322,MOILI MDJINI,2025,9456.064230836086
KM,KM3,KM32,FOMBONI,KM322,MOILI MDJINI,2026,9724.485073189895
KM,KM3,KM32,FOMBONI,KM322,MOILI MDJINI,2027,9993.624320222654
KM,KM3,KM32,FOMBONI,KM322,MOILI MDJINI,2028,10261.182856314577
KM,KM3,KM32,FOMBONI,KM323,MOINBASSA,2017,6133.0
KM,KM3,KM32,FOMBONI,KM323,MOINBASSA,2018,6330.2241309512865
KM,KM3,KM32,FOMBONI,KM323,MOINBASSA,2019,6532.964700921398
KM,KM3,KM32,FOMBONI,KM323,MOINBASSA,2020,6740.618033342344
KM,KM3,KM32,FOMBONI,KM323,MOINBASSA,2021,6952.790697018068
KM,KM3,KM32,FOMBONI,KM323,MOINBASSA,2022,7168.531244544491
KM,KM3,KM32,FOMBONI,KM323,MOINBASSA,2023,7385.698923183382
KM,KM3,KM32,FOMBONI,KM323,MOINBASSA,2024,7605.007309234368
KM,KM3,KM32,FOMBONI,KM323,MOINBASSA,2025,7826.4564005017155
KM,KM3,KM32,FOMBONI,KM323,MOINBASSA,2026,8048.6190221152
KM,KM3,KM32,FOMBONI,KM323,MOINBASSA,2027,8271.37624236512
KM,KM3,KM32,FOMBONI,KM323,MOINBASSA,2028,8492.82516299289
KM,KM3,KM33,NIOUMACHOUA,KM331,MLEDJELE,2017,7914.0
KM,KM3,KM33,NIOUMACHOUA,KM331,MLEDJELE,2018,8168.027495334194
KM,KM3,KM33,NIOUMACHOUA,KM331,MLEDJELE,2019,8430.112937076789
KM,KM3,KM33,NIOUMACHOUA,KM331,MLEDJELE,2020,8698.068011718786
KM,KM3,KM33,NIOUMACHOUA,KM331,MLEDJELE,2021,8971.854814316157
KM,KM3,KM33,NIOUMACHOUA,KM331,MLEDJELE,2022,9250.24560073783
KM,KM3,KM33,NIOUMACHOUA,KM331,MLEDJELE,2023,9530.477951748457
KM,KM3,KM33,NIOUMACHOUA,KM331,MLEDJELE,2024,9813.472663505752
KM,KM3,KM33,NIOUMACHOUA,KM331,MLEDJELE,2025,10099.229733176353
KM,KM3,KM33,NIOUMACHOUA,KM331,MLEDJELE,2026,10385.907539706455
KM,KM3,KM33,NIOUMACHOUA,KM331,MLEDJELE,2027,10673.352614067757
KM,KM3,KM33,NIOUMACHOUA,KM331,MLEDJELE,2028,10959.10946354569
KM,KM3,KM33,NIOUMACHOUA,KM332,MOIMBAO,2017,3471.0
KM,KM3,KM33,NIOUMACHOUA,KM332,MOIMBAO,2018,3582.619918234452
KM,KM3,KM33,NIOUMACHOUA,KM332,MOIMBAO,2019,3697.3618909013812
KM,KM3,KM33,NIOUMACHOUA,KM332,MOIMBAO,2020,3814.884264427079
KM,KM3,KM33,NIOUMACHOUA,KM332,MOIMBAO,2021,3934.9643745882463
KM,KM3,KM33,NIOUMACHOUA,KM332,MOIMBAO,2022,4057.063745281906
KM,KM3,KM33,NIOUMACHOUA,KM332,MOIMBAO,2023,4179.970807495438
KM,KM3,KM33,NIOUMACHOUA,KM332,MOIMBAO,2024,4304.089413069051
KM,KM3,KM33,NIOUMACHOUA,KM332,MOIMBAO,2025,4429.41956076006
KM,KM3,KM33,NIOUMACHOUA,KM332,MOIMBAO,2026,4555.153534283687
KM,KM3,KM33,NIOUMACHOUA,KM332,MOIMBAO,2027,4681.224023683242
KM,KM3,KM33,NIOUMACHOUA,KM332,MOIMBAO,2028,4806.554074799986
